No,회차,번호1,번호2,번호3,번호4,번호5,번호6,보너스,순위,1등당첨자수,1등당첨금
1208,1208,6,27,30,36,38,42,25,1등,6,30010281750
1207,1207,10,22,24,27,38,45,11,1등,17,29464450133
1206,1206,1,3,17,26,27,42,23,1등,15,28032105000
1205,1205,1,4,16,23,31,41,2,1등,10,32263862630
1204,1204,8,16,28,30,31,44,27,1등,18,29898138384
1203,1203,3,6,18,29,35,39,24,1등,21,28729275393
1202,1202,5,12,21,33,37,40,7,1등,14,26885751382
1201,1201,7,9,24,27,35,36,37,1등,19,26876558642
1200,1200,1,2,4,16,20,32,45,1등,12,28287598500
1199,1199,16,24,25,30,31,32,7,1등,17,28825367263
1198,1198,26,30,33,38,39,41,21,1등,10,29536866380
1197,1197,1,5,7,26,28,43,30,1등,13,28666167751
1196,1196,8,12,15,29,40,45,14,1등,15,30024413250
1195,1195,3,15,27,33,34,36,37,1등,10,29391867380
1194,1194,3,13,15,24,33,37,2,1등,28,27584349772
1193,1193,6,9,16,19,24,28,17,1등,16,27472216128
1192,1192,10,16,23,36,39,40,11,1등,29,31306851023
1191,1191,1,4,11,12,20,41,2,1등,18,27654018390
1190,1190,7,9,19,23,26,45,33,1등,6,27736762878
1189,1189,9,19,29,35,37,38,31,1등,13,29427466887
1188,1188,3,4,12,19,22,27,9,1등,24,25791004128
1187,1187,5,13,26,29,37,40,42,1등,11,28813180132
1186,1186,2,8,13,16,23,28,35,1등,14,27799476754
1185,1185,6,17,22,28,29,32,38,1등,12,28664341500
1184,1184,14,16,23,25,31,37,42,1등,15,28659834000
1183,1183,4,15,17,23,27,36,31,1등,13,26961558000
1182,1182,1,13,21,25,28,31,22,1등,13,27622210512
1181,1181,8,10,14,20,33,41,28,1등,17,27091939500
1180,1180,6,12,18,37,40,41,3,1등,11,27891230631
1179,1179,3,16,18,24,40,44,21,1등,13,28116674261
1178,1178,5,6,11,27,43,44,17,1등,12,28699300884
1177,1177,3,7,15,16,19,43,21,1등,6,27460032000
1176,1176,7,9,11,21,30,35,29,1등,13,26678160002
1175,1175,3,4,6,8,32,42,31,1등,20,27680521880
1174,1174,8,11,14,17,36,39,22,1등,15,28659291375
1173,1173,1,5,18,20,30,35,3,1등,24,28318705512
1172,1172,7,9,24,40,42,44,45,1등,13,28639057876
1171,1171,3,6,7,11,12,17,19,1등,21,23695251006
1170,1170,3,13,28,34,38,42,25,1등,20,27731019380
1169,1169,5,12,24,26,39,42,20,1등,10,28527358130
1168,1168,9,21,24,30,33,37,29,1등,13,27776266882
1167,1167,8,23,31,35,39,40,24,1등,10,28840879130
1166,1166,14,23,25,27,29,42,16,1등,14,29012479132
1165,1165,6,7,27,29,38,45,17,1등,13,28502308510
1164,1164,17,18,23,25,38,39,22,1등,13,28510198132
1163,1163,2,13,15,16,33,43,4,1등,15,29053367250
1162,1162,20,21,22,25,28,29,6,1등,36,29661516756
1161,1161,2,12,20,24,34,42,37,1등,16,28682527504
1160,1160,7,13,18,36,39,45,19,1등,12,30112318500
1159,1159,3,9,27,28,38,39,7,1등,23,29551647750
1158,1158,21,25,27,32,37,38,20,1등,21,29281522137
1157,1157,5,7,12,20,25,26,28,1등,12,27094105884
1156,1156,30,31,34,39,41,45,7,1등,21,31609348890
1155,1155,10,16,19,27,37,38,13,1등,7,28464626253
1154,1154,4,8,22,26,32,38,27,1등,15,27824481375
1153,1153,1,9,10,13,35,44,5,1등,15,30409693875
1152,1152,30,31,32,35,36,37,5,1등,35,30602238380
1151,1151,2,3,9,15,27,29,8,1등,17,27548551510
1150,1150,8,9,18,35,39,45,25,1등,17,26700545253
1149,1149,8,15,19,21,32,36,38,1등,17,27427473005
1148,1148,3,6,13,15,16,22,32,1등,13,26953320004
1147,1147,7,11,24,26,27,37,32,1등,8,26587376632
1146,1146,6,11,17,19,40,43,28,1등,11,27791239883
1145,1145,2,11,31,33,37,44,32,1등,9,27464670756
1144,1144,3,4,12,15,26,34,6,1등,18,26808252750
1143,1143,10,16,17,27,28,36,6,1등,11,28002227253
1142,1142,2,8,28,30,37,41,22,1등,9,28057659381
1141,1141,7,11,12,21,26,35,20,1등,11,27035341135
1140,1140,7,10,22,29,31,38,15,1등,12,27357887256
1139,1139,5,12,15,30,37,40,18,1등,13,28177382636
1138,1138,14,16,19,20,29,34,35,1등,14,26637195004
1137,1137,4,9,12,15,33,45,26,1등,14,28328267632
1136,1136,21,33,35,38,42,44,1,1등,12,27773617884
1135,1135,1,6,13,19,21,33,4,1등,9,26583535125
1134,1134,3,7,9,13,19,24,23,1등,14,24579651376
1133,1133,13,14,20,28,29,34,23,1등,13,27366033383
1132,1132,6,7,19,28,34,41,5,1등,11,26454469877
1131,1131,1,2,6,14,27,38,33,1등,17,26220254266
1130,1130,15,19,21,25,27,28,40,1등,12,27159614628
1129,1129,5,10,11,17,28,34,22,1등,11,26065244260
1128,1128,1,5,8,16,28,33,45,1등,63,26455310280
1127,1127,10,15,24,30,31,37,32,1등,12,27214703628
1126,1126,4,5,9,11,37,40,7,1등,11,26250206631
1125,1125,6,14,25,33,40,44,30,1등,12,26343470256
1124,1124,3,8,17,30,33,34,28,1등,10,26233279130
1123,1123,13,19,21,24,34,35,26,1등,16,27700971376
1122,1122,3,6,21,30,34,35,22,1등,11,28118926506
1121,1121,6,24,31,32,38,44,8,1등,11,27769645882
1120,1120,2,19,26,31,38,41,34,1등,11,27743797125
1119,1119,1,9,12,13,20,45,3,1등,19,26524546516
1118,1118,11,13,14,15,16,45,3,1등,19,28071457508
1117,1117,3,4,9,30,33,36,7,1등,9,27255469878
1116,1116,15,16,17,25,30,31,32,1등,10,26950002380
1115,1115,7,12,23,32,34,36,8,1등,12,27087339384
1114,1114,10,16,19,32,33,38,3,1등,17,26924835008
1113,1113,11,13,20,21,32,44,8,1등,14,27823975508
1112,1112,16,20,26,36,42,44,24,1등,10,28044556500
1111,1111,3,13,30,33,43,45,4,1등,16,27434600640
1110,1110,3,7,11,20,22,41,24,1등,16,26358283504
1109,1109,10,12,13,19,33,40,2,1등,17,26933998875
1108,1108,7,19,26,37,39,44,27,1등,14,27411871886
1107,1107,6,14,30,31,40,41,29,1등,14,28358753262
1106,1106,1,3,4,29,42,45,36,1등,11,30695091009
1105,1105,6,16,34,37,39,40,11,1등,15,27522807000
1104,1104,1,7,21,30,35,38,2,1등,15,27257896500
1103,1103,10,12,29,31,40,44,2,1등,17,26765133761
1102,1102,13,14,22,26,37,38,20,1등,20,27671828260
1101,1101,6,7,13,28,36,42,41,1등,13,27306883500
1100,1100,17,26,29,30,31,43,12,1등,13,28698481136
1099,1099,3,20,28,38,40,43,4,1등,9,26639407125
1098,1098,12,16,21,24,41,43,15,1등,13,25096004635
1097,1097,14,33,34,35,37,40,4,1등,7,27050051630
1096,1096,1,12,16,19,23,43,34,1등,10,25393911750
1095,1095,8,14,28,29,34,40,12,1등,10,26178255750
1094,1094,6,7,15,22,26,40,41,1등,12,25354253628
1093,1093,10,17,22,30,35,43,44,1등,13,25571529750
1092,1092,7,18,19,26,33,45,37,1등,16,25332637504
1091,1091,6,20,23,24,28,30,44,1등,9,26086234131
1090,1090,12,19,21,29,40,45,1,1등,11,26251440754
1089,1089,4,18,31,37,42,43,40,1등,9,26806699503
1088,1088,11,21,22,30,39,44,31,1등,11,26781676878
1087,1087,13,14,18,21,34,44,16,1등,16,27716057632
1086,1086,11,16,25,27,35,36,37,1등,17,25770534753
1085,1085,4,7,17,18,38,44,36,1등,23,24685381879
1084,1084,8,12,13,29,33,42,5,1등,15,26081469000
1083,1083,3,7,14,15,22,38,17,1등,15,25696267875
1082,1082,21,26,27,32,34,42,31,1등,7,26043427501
1081,1081,1,9,16,23,24,38,17,1등,11,25782822384
1080,1080,13,16,23,31,36,44,38,1등,7,25476111003
1079,1079,4,8,18,24,37,45,6,1등,9,24410964753
1078,1078,6,10,11,14,36,38,43,1등,12,25699259256
1077,1077,4,8,17,30,40,43,34,1등,7,24996307126
1076,1076,3,7,9,33,36,37,10,1등,9,24054207750
1075,1075,1,23,24,35,44,45,10,1등,9,26067034503
1074,1074,1,6,20,27,28,41,15,1등,12,25617163884
1073,1073,6,18,28,30,32,38,15,1등,11,25797503633
1072,1072,16,18,20,23,32,43,27,1등,12,26100076500
1071,1071,1,2,11,21,30,35,39,1등,5,25919898750
1070,1070,3,6,14,22,30,41,36,1등,14,26027637006
1069,1069,1,10,18,22,28,31,44,1등,14,26085045756
1068,1068,4,7,19,26,33,35,3,1등,19,25914660766
1067,1067,7,10,19,23,28,33,18,1등,13,25754482130
1066,1066,6,11,16,19,21,32,45,1등,15,25064208750
1065,1065,3,18,19,23,32,45,24,1등,14,25936315132
1064,1064,3,6,9,18,22,35,14,1등,19,25615194014
1063,1063,3,6,22,23,24,38,30,1등,7,26392183125
1062,1062,20,31,32,40,41,45,12,1등,7,26613536628
1061,1061,4,24,27,35,37,45,15,1등,11,26650456503
1060,1060,3,10,24,33,38,45,36,1등,28,25150689396
1059,1059,7,10,22,25,34,40,27,1등,13,26431190253
1058,1058,11,23,25,30,32,40,42,1등,13,26754263250
1057,1057,8,13,19,27,40,45,12,1등,17,27473185138
1056,1056,13,20,24,32,36,45,29,1등,14,27575274384
1055,1055,4,7,12,14,22,33,31,1등,11,25990967255
1054,1054,14,19,27,28,30,45,33,1등,9,28331331381
1053,1053,22,26,29,30,34,45,15,1등,7,28632571877
1052,1052,5,17,26,27,35,38,1,1등,11,25758510382
1051,1051,21,26,30,32,33,35,44,1등,18,30052052640
1050,1050,6,12,31,35,38,43,17,1등,17,26096415760
1049,1049,3,5,13,20,21,37,17,1등,15,25917151500
1048,1048,6,12,17,21,32,39,30,1등,17,27412406636
1047,1047,2,20,33,40,42,44,32,1등,9,24739180875
1046,1046,7,16,25,29,35,36,28,1등,12,24136988628
1045,1045,6,14,15,19,21,41,37,1등,13,25870785759
1044,1044,12,17,20,26,28,36,4,1등,8,25095529880
1043,1043,3,5,12,22,26,31,19,1등,17,24966998252
1042,1042,5,14,15,23,34,43,4,1등,20,24813273380
1041,1041,6,7,9,11,17,18,45,1등,25,23377279125
1040,1040,8,16,26,29,31,36,11,1등,7,25623378375
1039,1039,2,3,6,19,36,39,26,1등,16,25360314752
1038,1038,7,16,24,27,37,44,2,1등,15,24411858375
1037,1037,2,14,15,22,27,33,31,1등,15,25628652375
1036,1036,2,5,22,32,34,45,39,1등,9,25535908503
1035,1035,9,14,34,35,41,42,2,1등,8,25849549880
1034,1034,26,31,32,33,38,40,11,1등,9,25819705881
1033,1033,3,11,15,20,35,44,10,1등,13,24874394259
1032,1032,1,6,12,19,36,42,28,1등,10,26752575380
1031,1031,6,7,22,32,35,36,19,1등,8,25711660504
1030,1030,2,5,11,17,24,29,9,1등,19,24251723633
1029,1029,12,30,32,37,39,41,24,1등,10,25278484500
1028,1028,5,7,12,13,18,35,23,1등,20,23624702640
1027,1027,14,16,27,35,39,45,5,1등,10,24605043380
1026,1026,5,12,13,31,32,41,34,1등,15,24286777125
1025,1025,8,9,20,25,29,33,7,1등,4,24475413376
1024,1024,9,18,20,22,38,44,10,1등,8,24162588000
1023,1023,10,14,16,18,29,35,25,1등,9,24711100875
1022,1022,5,6,11,29,42,45,28,1등,5,24332340375
1021,1021,12,15,17,24,29,45,16,1등,12,25307547000
1020,1020,12,27,29,38,41,45,6,1등,13,25563609760
1019,1019,1,4,13,17,34,39,6,1등,50,21928257000
1018,1018,3,19,21,25,37,45,35,1등,2,24723489376
1017,1017,12,18,22,23,30,34,32,1등,7,24623793754
1016,1016,15,26,28,34,41,42,44,1등,11,24867267381
1015,1015,14,23,31,33,37,40,44,1등,8,24408844880
1014,1014,3,11,14,18,26,27,21,1등,10,24104493380
1013,1013,21,22,26,34,36,41,32,1등,5,25237853625
1012,1012,5,11,18,20,35,45,3,1등,13,24205276134
1011,1011,1,9,12,26,35,38,42,1등,11,24423833632
1010,1010,9,12,15,25,34,36,3,1등,8,24955040632
1009,1009,15,23,29,34,40,44,20,1등,15,25536942375
1008,1008,9,11,30,31,41,44,33,1등,11,24941157010
1007,1007,8,11,16,19,21,25,40,1등,9,24469077375
1006,1006,8,11,15,16,17,37,36,1등,9,25700419125
1005,1005,8,13,18,24,27,29,17,1등,12,24734392128
1004,1004,7,15,30,37,39,44,18,1등,10,25762519130
1003,1003,1,4,29,39,43,45,31,1등,14,25355635508
1002,1002,17,25,33,35,38,45,15,1등,8,24707596504
1001,1001,6,10,12,14,20,42,15,1등,12,24927355128
1000,1000,2,8,19,22,32,42,39,1등,22,27430031640
999,999,1,3,9,14,18,28,34,1등,16,24212396640
998,998,13,17,18,20,42,45,41,1등,12,24917995884
997,997,4,7,14,16,24,44,20,1등,19,23821241640
996,996,6,11,15,24,32,39,28,1등,18,26841343878
995,995,1,4,13,29,38,39,7,1등,7,24130903125
994,994,1,3,8,24,27,35,28,1등,12,22338984756
993,993,6,14,16,18,24,42,44,1등,6,23947182378
992,992,12,20,26,33,44,45,24,1등,12,23843466756
991,991,13,18,25,31,33,44,38,1등,8,23233328256
990,990,2,4,25,26,36,37,28,1등,14,24361333878
989,989,17,18,21,27,29,33,26,1등,4,23307074252
988,988,2,13,20,30,31,41,27,1등,9,24106404375
987,987,2,4,15,23,29,38,7,1등,10,23787116250
986,986,7,10,16,28,41,42,40,1등,10,23752751250
985,985,17,21,23,30,34,44,19,1등,10,24347529750
984,984,3,10,23,35,36,37,18,1등,7,24171043876
983,983,13,23,26,31,35,43,15,1등,10,25034222250
982,982,5,7,13,20,21,44,33,1등,8,24189045376
981,981,27,36,37,41,43,45,32,1등,13,25907221509
980,980,3,13,16,23,24,35,14,1등,7,23866102505
979,979,7,11,16,21,27,33,24,1등,14,22489607252
978,978,1,7,15,32,34,42,8,1등,10,23733913880
977,977,2,9,10,14,22,44,16,1등,14,23378682754
976,976,4,12,14,25,35,37,2,1등,7,22707070505
975,975,7,8,9,17,22,24,5,1등,9,21963693375
974,974,1,2,11,16,39,44,32,1등,17,22389586891
973,973,22,26,31,37,41,42,24,1등,8,23301942000
972,972,3,6,17,23,37,39,26,1등,20,22497724880
971,971,2,6,17,18,21,26,7,1등,6,22355281500
970,970,9,11,16,21,28,36,5,1등,14,22561616630
969,969,3,9,10,29,40,45,7,1등,20,22988557880
968,968,2,5,12,14,24,39,33,1등,13,21680485879
967,967,1,6,13,37,38,40,9,1등,4,23239104376
966,966,1,21,25,29,34,37,36,1등,10,24113035130
965,965,2,13,25,28,29,36,34,1등,7,23823442503
964,964,6,21,36,38,39,43,30,1등,10,23458610630
963,963,6,12,19,23,34,42,35,1등,15,22147171875
962,962,1,18,28,31,34,43,40,1등,12,23290873128
961,961,11,20,29,31,33,42,43,1등,9,23177080881
960,960,2,18,24,30,32,45,14,1등,10,24011332130
959,959,1,14,15,24,40,41,35,1등,8,24122503128
958,958,2,9,10,16,35,37,1,1등,15,23941795125
957,957,4,15,24,35,36,40,1,1등,11,23392975507
956,956,10,11,20,21,25,41,40,1등,11,22252809381
955,955,4,9,23,26,29,33,8,1등,12,24278042256
954,954,1,9,26,28,30,41,32,1등,10,24787959000
953,953,7,9,22,27,37,42,34,1등,14,22968904126
952,952,4,12,22,24,33,41,38,1등,9,24423298506
951,951,2,12,30,31,39,43,38,1등,14,24465737254
950,950,3,4,15,22,28,40,10,1등,8,26255364000
949,949,14,21,35,36,40,44,30,1등,10,24585697130
948,948,13,18,30,31,38,41,5,1등,11,24074035876
947,947,3,8,17,20,27,35,26,1등,18,22965403500
946,946,9,18,19,30,34,40,20,1등,11,23734218002
945,945,9,10,15,30,33,37,26,1등,13,22952208383
944,944,2,13,16,19,32,33,42,1등,13,25503872628
943,943,1,8,13,36,44,45,39,1등,7,24045315756
942,942,10,12,18,35,42,43,39,1등,6,22570081878
941,941,12,14,25,27,39,40,35,1등,16,21556758752
940,940,3,15,20,22,24,41,11,1등,8,22768568632
939,939,4,11,28,39,42,45,6,1등,13,22208719507
938,938,4,8,10,16,31,36,9,1등,10,22494665630
937,937,2,10,13,22,29,40,26,1등,11,22642629009
936,936,7,11,13,17,18,29,43,1등,14,20888968506
935,935,4,10,20,32,38,44,18,1등,13,22243720512
934,934,1,3,30,33,36,39,12,1등,4,23063091376
933,933,23,27,29,31,36,45,37,1등,8,23422376632
932,932,1,6,15,36,37,38,5,1등,7,23730160881
931,931,14,15,23,25,35,43,32,1등,8,23656864504
930,930,8,21,25,38,39,44,28,1등,8,22659350632
929,929,7,9,12,15,19,23,4,1등,16,20928562512
928,928,3,4,10,20,28,44,30,1등,7,21942139506
927,927,4,15,22,38,41,43,26,1등,6,22285223250
926,926,10,16,18,20,25,31,6,1등,10,20324906630
925,925,13,24,32,34,39,42,4,1등,12,21252966384
924,924,3,11,34,42,43,44,13,1등,9,21441876003
923,923,3,17,18,23,36,41,26,1등,8,21340437000
922,922,2,6,13,17,27,43,36,1등,6,20507427000
921,921,5,7,12,22,28,41,1,1등,17,20953747885
920,920,2,3,26,33,34,43,29,1등,7,21841821379
919,919,9,14,17,18,42,44,35,1등,5,21525752250
918,918,7,11,12,31,33,38,5,1등,18,20117207628
917,917,1,3,23,24,27,43,34,1등,10,21447996380
916,916,6,21,22,32,35,36,17,1등,11,22279227751
915,915,2,6,11,13,22,37,14,1등,6,21111843000
914,914,16,19,24,33,42,44,27,1등,11,21450061127
913,913,6,14,16,21,27,37,40,1등,16,21420089632
912,912,5,8,18,21,22,38,10,1등,14,20909008134
911,911,4,5,12,14,32,42,35,1등,10,21135386250
910,910,1,11,17,27,35,39,31,1등,21,19767643875
909,909,7,24,29,30,34,35,33,1등,11,22231691625
908,908,3,16,21,22,23,44,30,1등,8,22678849128
907,907,21,27,29,38,40,44,37,1등,7,22155413252
906,906,2,5,14,28,31,32,20,1등,9,22253465250
905,905,3,4,16,27,38,40,20,1등,7,21125037752
904,904,2,6,8,26,43,45,11,1등,8,21744622504
903,903,2,15,16,21,22,28,45,1등,13,21899568756
902,902,7,19,23,24,36,39,30,1등,13,21051127877
901,901,5,18,20,23,30,34,21,1등,9,20411772003
900,900,7,13,16,18,35,38,14,1등,6,20099108250
899,899,8,19,20,21,33,39,37,1등,6,20156136378
898,898,18,21,28,35,37,42,17,1등,8,21114505880
897,897,6,7,12,22,26,36,29,1등,13,21058992760
896,896,5,12,25,26,38,45,23,1등,7,21372554252
895,895,16,26,31,38,39,41,23,1등,12,23136950628
894,894,19,32,37,40,41,43,45,1등,9,21401423631
893,893,1,15,17,23,25,41,10,1등,9,21396902625
892,892,4,9,17,18,26,42,36,1등,17,21794296888
891,891,9,13,28,31,39,41,19,1등,7,21578717629
890,890,1,4,14,18,29,37,6,1등,9,21019375503
889,889,3,13,29,38,39,42,26,1등,10,21089869500
888,888,3,7,12,31,34,38,32,1등,8,18962873632
887,887,8,14,17,27,36,45,10,1등,8,20282149504
886,886,19,23,28,37,42,45,2,1등,7,20822506502
885,885,1,3,24,27,39,45,31,1등,13,20069823384
884,884,4,14,23,28,37,45,17,1등,12,21588927384
883,883,9,18,32,33,37,44,22,1등,15,20407792875
882,882,18,34,39,43,44,45,23,1등,5,20636352000
881,881,4,18,20,26,27,32,9,1등,8,20025698256
880,880,7,17,19,23,24,45,38,1등,7,19864673255
879,879,1,4,10,14,15,35,20,1등,6,19238167878
878,878,2,6,11,16,25,31,3,1등,6,19247961000
877,877,5,17,18,22,23,43,12,1등,12,20599286256
876,876,5,16,21,26,34,42,24,1등,19,20722499264
875,875,19,22,30,34,39,44,36,1등,14,19823254136
874,874,1,15,19,23,28,42,32,1등,18,20108230506
873,873,3,5,12,13,33,39,38,1등,10,18745532250
872,872,2,4,30,32,33,43,29,1등,16,20203289264
871,871,2,6,12,26,30,34,38,1등,7,19026499506
870,870,21,25,30,32,40,42,31,1등,10,19288429880
869,869,2,6,20,27,37,39,4,1등,10,19225825880
868,868,12,17,28,41,43,44,25,1등,6,19402825500
867,867,14,17,19,22,24,40,41,1등,5,19668776250
866,866,9,15,29,34,37,39,12,1등,9,20163681000
865,865,3,15,22,32,33,45,2,1등,13,20172478885
864,864,3,7,10,13,25,36,32,1등,11,18882090007
863,863,16,21,28,35,39,43,12,1등,7,19973501254
862,862,10,34,38,40,42,43,32,1등,9,19718304381
861,861,11,17,19,21,22,25,24,1등,4,19488435376
860,860,4,8,18,25,27,32,42,1등,10,18798998250
859,859,8,22,35,38,39,41,24,1등,11,20393202379
858,858,9,13,32,38,39,43,23,1등,9,19821127131
857,857,6,10,16,28,34,38,43,1등,15,19273731375
856,856,10,24,40,41,43,44,17,1등,5,19889637750
855,855,8,15,17,19,43,44,7,1등,9,20425594500
854,854,20,25,31,32,36,43,3,1등,6,20530240500
853,853,2,8,23,26,27,44,13,1등,7,20195047502
852,852,11,17,28,30,33,35,9,1등,4,19206173628
851,851,14,18,22,26,31,44,40,1등,8,19869538504
850,850,16,20,24,28,36,39,5,1등,6,20265527250
849,849,5,13,17,29,34,39,3,1등,17,19690299011
848,848,1,2,16,22,38,39,34,1등,7,21081066006
847,847,12,16,26,28,30,42,22,1등,8,20166773256
846,846,5,18,30,41,43,45,13,1등,13,20759497135
845,845,1,16,29,33,40,45,6,1등,11,20803389002
844,844,7,8,13,15,33,45,18,1등,18,20933343756
843,843,19,21,30,33,34,42,4,1등,5,20064850500
842,842,14,26,32,36,39,42,38,1등,10,20354750250
841,841,5,11,14,30,33,38,24,1등,17,18973627138
840,840,2,4,11,28,29,43,27,1등,10,20429617880
839,839,3,9,11,12,13,19,35,1등,13,17672913752
838,838,9,14,17,33,36,38,20,1등,5,19068665250
837,837,2,25,28,30,33,45,6,1등,6,18866694750
836,836,1,9,11,14,26,28,19,1등,14,17609811380
835,835,9,10,13,28,38,45,35,1등,15,18505216875
834,834,6,8,18,35,42,43,3,1등,11,18597630381
833,833,12,18,30,39,41,42,19,1등,8,18850538256
832,832,13,14,19,26,40,43,30,1등,9,18793841256
831,831,3,10,16,19,31,39,9,1등,16,17771236128
830,830,5,6,16,18,37,38,17,1등,9,18544758750
829,829,4,5,31,35,43,45,29,1등,8,19557205128
828,828,4,7,13,29,31,39,18,1등,13,18917417636
827,827,5,11,12,29,33,44,14,1등,15,18097505625
826,826,13,16,24,25,33,36,42,1등,9,18676728756
825,825,8,15,21,31,33,38,42,1등,12,19904526756
824,824,7,9,24,29,34,38,26,1등,15,18849698250
823,823,12,18,24,26,39,40,15,1등,9,18088595253
822,822,9,18,20,24,27,36,12,1등,3,17792695875
821,821,1,12,13,24,29,44,16,1등,14,18426183384
820,820,10,21,22,30,35,42,6,1등,4,18509254128
819,819,16,25,33,38,40,45,15,1등,7,18161743880
818,818,14,15,25,28,29,30,3,1등,13,17950456134
817,817,3,9,12,13,25,43,34,1등,9,16816296006
816,816,12,18,19,29,31,39,7,1등,8,17024863504
815,815,17,21,25,26,27,36,4,1등,7,18058987506
814,814,2,21,28,38,42,45,30,1등,6,18403152378
813,813,11,30,34,35,42,44,27,1등,4,18367052628
812,812,1,3,12,14,16,43,10,1등,6,17687728500
811,811,8,11,19,21,36,45,25,1등,7,17669037379
810,810,5,10,13,21,39,43,11,1등,8,17852784376
809,809,6,11,15,17,23,40,39,1등,6,17528236500
808,808,15,21,31,32,41,43,24,1등,6,18525723000
807,807,6,10,18,25,34,35,33,1등,7,17063636254
806,806,14,20,23,31,37,38,27,1등,7,18485326125
805,805,3,12,13,18,31,32,42,1등,4,17064247876
804,804,1,10,13,26,32,36,9,1등,11,17951961753
803,803,5,9,14,26,30,43,2,1등,5,18319051125
802,802,10,11,12,18,24,42,27,1등,16,17327167888
801,801,17,25,28,37,43,44,2,1등,8,18054293256
800,800,1,4,10,12,28,45,26,1등,11,17954708255
799,799,12,17,23,34,42,45,33,1등,10,18264272250
798,798,2,10,14,22,32,36,41,1등,7,18975543377
797,797,5,22,31,32,39,45,36,1등,8,19176225000
796,796,1,21,26,36,40,41,5,1등,7,19344432380
795,795,3,10,13,26,34,38,36,1등,11,18864747000
794,794,6,7,18,19,30,38,13,1등,7,18556582128
793,793,10,15,21,35,38,43,31,1등,5,18750733875
792,792,2,7,19,25,29,36,16,1등,7,18590157376
791,791,2,10,12,31,33,42,32,1등,14,17543146502
790,790,3,8,19,27,30,41,12,1등,16,18568260384
789,789,2,6,7,12,19,45,38,1등,15,17114652375
788,788,2,10,11,19,35,39,29,1등,13,18219177002
787,787,5,6,13,16,27,28,9,1등,6,18552649878
786,786,12,15,16,20,24,30,38,1등,4,18205461000
785,785,4,6,15,25,26,33,40,1등,6,17319736128
784,784,3,10,23,24,31,39,22,1등,9,17178102000
783,783,14,15,16,17,38,45,36,1등,4,18415858500
782,782,6,18,31,34,38,45,20,1등,9,17518388625
781,781,11,16,18,19,24,39,43,1등,9,16946023878
780,780,15,17,19,21,27,45,16,1등,11,18342721507
779,779,6,12,19,24,34,41,4,1등,11,16804802256
778,778,6,21,35,36,37,41,11,1등,3,18792208500
777,777,6,12,17,21,34,37,18,1등,21,17502828756
776,776,8,9,18,21,28,40,20,1등,7,17903055751
775,775,11,12,29,33,38,42,17,1등,5,17352188250
774,774,12,15,18,28,34,42,9,1등,11,18806936632
773,773,8,12,19,21,31,35,44,1등,11,17703433880
772,772,5,6,11,14,21,41,32,1등,10,17696088380
771,771,6,10,17,18,21,29,30,1등,4,17450579628
770,770,1,9,12,23,39,43,34,1등,8,17304794632
769,769,5,7,11,16,41,45,4,1등,9,17376840378
768,768,7,27,29,30,38,44,4,1등,13,17726439380
767,767,5,15,20,31,34,42,22,1등,15,17456530875
766,766,9,30,34,35,39,41,21,1등,8,17389098376
765,765,1,3,8,12,42,43,33,1등,15,16638213750
764,764,7,22,24,31,34,36,15,1등,7,17219828255
763,763,3,8,16,32,34,43,10,1등,8,17105040000
762,762,1,3,12,21,26,41,16,1등,10,16314320630
761,761,4,7,11,24,42,45,30,1등,7,16749113626
760,760,10,22,27,31,42,43,12,1등,8,18026395128
759,759,9,33,36,40,42,43,32,1등,6,18196023000
758,758,5,9,12,30,39,43,24,1등,8,16631759632
757,757,6,7,11,17,33,44,1,1등,21,15536637018
756,756,10,14,16,18,27,28,4,1등,5,17072173500
755,755,13,14,26,28,30,36,37,1등,8,17715418128
754,754,2,8,17,24,29,31,32,1등,5,17137710000
753,753,2,17,19,24,37,41,3,1등,6,16266630378
752,752,4,16,20,33,40,43,7,1등,9,16833229506
751,751,3,4,16,20,28,44,17,1등,8,16783744880
750,750,1,2,15,19,24,36,12,1등,7,17654730002
749,749,12,14,24,26,34,45,41,1등,13,17551357135
748,748,3,10,13,22,31,32,29,1등,9,17354218878
747,747,7,9,12,14,23,28,17,1등,9,17128931256
746,746,3,12,33,36,42,45,25,1등,9,18347613381
745,745,1,2,3,9,12,23,10,1등,20,14936459640
744,744,10,15,18,21,34,41,43,1등,15,17331173625
743,743,15,19,21,34,41,44,10,1등,7,18260487000
742,742,8,10,13,36,37,40,6,1등,16,17789037008
741,741,5,21,27,34,44,45,16,1등,6,18261575628
740,740,4,8,9,16,17,19,31,1등,18,16864736256
739,739,7,22,29,33,34,35,30,1등,4,18976489128
738,738,23,27,28,38,42,43,36,1등,11,17976102001
737,737,13,15,18,24,27,41,11,1등,4,17132244000
736,736,2,11,17,18,21,27,6,1등,5,16986811125
735,735,5,10,13,27,37,41,4,1등,10,18472315880
734,734,6,16,37,38,41,45,18,1등,9,17544559500
733,733,11,24,32,33,35,40,13,1등,4,16066900500
732,732,2,4,5,17,27,32,43,1등,7,15422894256
731,731,2,7,13,25,42,45,39,1등,7,16383297378
730,730,4,10,14,15,18,22,39,1등,8,16139056880
729,729,11,17,21,26,36,45,16,1등,4,16793002876
728,728,3,6,10,30,34,37,36,1등,5,16217322000
727,727,7,8,10,19,21,31,20,1등,14,15611508388
726,726,1,11,21,23,34,44,24,1등,14,16336216876
725,725,6,7,19,21,41,43,38,1등,11,17371389750
724,724,2,8,33,35,37,41,14,1등,12,17133477756
723,723,20,30,33,35,36,44,22,1등,8,16914922880
722,722,12,14,21,30,39,43,45,1등,4,17461690876
721,721,1,28,35,41,43,44,31,1등,8,18190138880
720,720,1,12,29,34,36,37,41,1등,14,17272785012
719,719,4,8,13,19,20,43,26,1등,9,16916232006
718,718,4,11,20,23,32,39,40,1등,17,15744829888
717,717,2,11,19,25,28,32,44,1등,6,16214602128
716,716,2,6,13,16,29,30,21,1등,12,16305025884
715,715,2,7,27,33,41,44,10,1등,6,15633062628
714,714,1,7,22,33,37,40,20,1등,7,14595922131
713,713,2,5,15,18,19,23,44,1등,9,15432488253
712,712,17,20,30,31,33,45,19,1등,4,16137940500
711,711,11,15,24,35,37,45,42,1등,7,15941893506
710,710,3,4,9,24,25,33,10,1등,5,14477205750
709,709,10,18,30,36,39,44,32,1등,14,16313802750
708,708,2,10,16,19,34,45,1,1등,4,16398208876
707,707,2,12,19,24,39,44,35,1등,12,15866007756
706,706,3,4,6,10,28,30,37,1등,4,15326984252
705,705,1,6,17,22,28,45,23,1등,4,15948826128
704,704,1,4,8,23,33,42,45,1등,4,15460761376
703,703,10,28,31,33,41,44,21,1등,5,16178920500
702,702,3,13,16,24,26,29,9,1등,11,16116005257
701,701,3,10,14,16,36,38,35,1등,10,15831831750
700,700,11,23,28,29,30,44,13,1등,8,16656793504
699,699,4,5,8,16,21,29,3,1등,8,15963291000
698,698,3,11,13,21,33,37,18,1등,8,15368673000
697,697,2,5,8,11,33,39,31,1등,10,15314430380
696,696,1,7,16,18,34,38,21,1등,10,16320544130
695,695,4,18,26,33,34,38,14,1등,11,15952363130
694,694,7,15,20,25,33,43,12,1등,10,15550363880
693,693,1,6,11,28,34,42,30,1등,10,16427638130
692,692,3,11,14,15,32,36,44,1등,7,16108915879
691,691,15,27,33,35,43,45,16,1등,6,17035780500
690,690,24,25,33,34,38,39,43,1등,15,16897614375
689,689,7,17,19,30,36,38,34,1등,7,16252431377
688,688,5,15,22,23,34,35,2,1등,9,17707830750
687,687,1,8,10,13,28,42,45,1등,6,16320175878
686,686,7,12,15,24,25,43,13,1등,8,15500253752
685,685,6,7,12,28,38,40,18,1등,11,16438044381
684,684,1,11,15,17,25,39,40,1등,9,15199341381
683,683,6,13,20,27,28,40,15,1등,16,16174894128
682,682,17,23,27,35,38,43,2,1등,4,16254854252
681,681,21,24,27,29,43,44,7,1등,6,16177973628
680,680,4,10,19,29,32,42,30,1등,14,15547987882
679,679,3,5,7,14,26,34,35,1등,5,14315028000
678,678,4,5,6,12,25,37,45,1등,6,13730941128
677,677,12,15,24,36,41,44,42,1등,8,15368915256
676,676,1,8,17,34,39,45,27,1등,8,15037812000
675,675,1,8,11,15,18,45,7,1등,4,14058196128
674,674,9,10,14,25,27,31,11,1등,8,14164524000
673,673,7,10,17,29,33,44,5,1등,10,14914533000
672,672,8,21,28,31,36,45,43,1등,9,15792705000
671,671,7,9,10,13,31,35,24,1등,4,14889291376
670,670,11,18,26,27,40,41,25,1등,12,14300702628
669,669,7,8,20,29,33,38,9,1등,6,16249039128
668,668,12,14,15,24,27,32,3,1등,5,14955793125
667,667,15,17,25,37,42,43,13,1등,7,15601350751
666,666,2,4,6,11,17,28,16,1등,6,14381406378
665,665,5,6,11,17,38,44,13,1등,4,14572921500
664,664,10,20,33,36,41,44,5,1등,10,15368013380
663,663,3,5,8,19,38,42,20,1등,7,14561709001
662,662,5,6,9,11,15,37,26,1등,8,13517869504
661,661,2,3,12,20,27,38,40,1등,8,13704204376
660,660,4,9,23,33,39,44,14,1등,10,14212725750
659,659,7,18,19,27,29,42,45,1등,11,14702646376
658,658,8,19,25,28,32,36,37,1등,9,14706282375
657,657,10,14,19,39,40,43,23,1등,9,15252865128
656,656,3,7,14,16,31,40,39,1등,2,14660005500
655,655,7,37,38,39,40,44,18,1등,9,14952956625
654,654,16,21,26,31,36,43,6,1등,8,15034411128
653,653,5,6,26,27,38,39,1,1등,14,13733421380
652,652,3,13,15,40,41,44,20,1등,5,15017417625
651,651,11,12,16,26,29,44,18,1등,8,14842451632
650,650,3,4,7,11,31,41,35,1등,5,14246494500
649,649,3,21,22,33,41,42,20,1등,5,14740210500
648,648,13,19,28,37,38,43,4,1등,7,14846915629
647,647,5,16,21,23,24,30,29,1등,7,15328079256
646,646,2,9,24,41,43,45,30,1등,7,15508488751
645,645,1,4,16,26,40,41,31,1등,4,14785191000
644,644,5,13,17,23,28,36,8,1등,8,14651609632
643,643,15,24,31,32,33,40,13,1등,6,15214581750
642,642,8,17,18,24,39,45,32,1등,12,15017525256
641,641,11,18,21,36,37,43,12,1등,8,15920596504
640,640,14,15,18,21,26,35,23,1등,9,15558919506
639,639,6,15,22,23,25,32,40,1등,4,16244740876
638,638,7,18,22,24,31,34,6,1등,7,15605822253
637,637,3,16,22,37,38,44,23,1등,4,15596964376
636,636,6,7,15,16,20,31,26,1등,8,14658897752
635,635,11,13,25,26,29,33,32,1등,8,14844697880
634,634,4,10,11,12,20,27,38,1등,13,14013156378
633,633,9,12,19,20,39,41,13,1등,12,14607085128
632,632,15,18,21,32,35,44,6,1등,11,15758464876
631,631,1,2,4,23,31,34,8,1등,4,15679414128
630,630,8,17,21,24,27,31,15,1등,3,14508916500
629,629,19,28,31,38,43,44,1,1등,5,14597167875
628,628,1,7,12,15,23,42,11,1등,9,13499485875
627,627,2,9,22,25,31,45,12,1등,10,13522306500
626,626,13,14,26,33,40,43,15,1등,8,13742968880
625,625,3,6,7,20,21,39,13,1등,5,13825923375
624,624,1,7,19,26,27,35,16,1등,5,13818647250
623,623,7,13,30,39,41,45,25,1등,8,14509620752
622,622,9,15,16,21,28,34,24,1등,9,14675384628
621,621,1,2,6,16,19,42,9,1등,6,14158341000
620,620,2,16,17,32,39,45,40,1등,7,14197982631
619,619,6,8,13,30,35,40,21,1등,3,13837438125
618,618,8,16,25,30,42,43,15,1등,5,14406631125
617,617,4,5,11,12,24,27,28,1등,8,13037614880
616,616,5,13,18,23,40,45,3,1등,9,14506301250
615,615,10,17,18,19,23,27,35,1등,9,13815561753
614,614,8,21,25,39,40,44,18,1등,6,15245852628
613,613,7,8,11,16,41,44,35,1등,9,13948480881
612,612,6,9,18,19,25,33,40,1등,11,12998757750
611,611,2,22,27,33,36,37,14,1등,4,14010824628
610,610,14,18,20,23,28,36,33,1등,4,14064073500
609,609,4,8,27,34,39,40,13,1등,2,12678622876
608,608,4,8,18,19,39,44,41,1등,7,13604710126
607,607,8,14,23,36,38,39,13,1등,4,13977923628
606,606,1,5,6,14,20,39,22,1등,10,13115668500
605,605,1,2,7,9,10,38,42,1등,9,12548090250
604,604,2,6,18,21,33,34,30,1등,11,13520557127
603,603,2,19,25,26,27,43,28,1등,4,13808546252
602,602,13,14,22,27,30,38,2,1등,8,13516246880
601,601,2,16,19,31,34,35,37,1등,9,13721086881
600,600,5,11,14,27,29,36,44,1등,15,13526980875
599,599,5,12,17,29,34,35,27,1등,8,13687346632
598,598,4,12,24,33,38,45,22,1등,16,13343977504
597,597,8,10,23,24,35,43,37,1등,13,13752967878
596,596,3,4,12,14,25,43,17,1등,10,13282676630
595,595,8,24,28,35,38,40,5,1등,8,13956201752
594,594,2,8,13,25,28,37,3,1등,11,13811520756
593,593,9,10,13,24,33,38,28,1등,9,13795501500
592,592,2,5,6,13,28,44,43,1등,6,14138290128
591,591,8,13,14,30,38,39,5,1등,5,14823381000
590,590,20,30,36,38,41,45,23,1등,7,15296287881
589,589,6,8,28,33,38,39,22,1등,7,14958145881
588,588,2,8,15,22,25,41,30,1등,5,14446710375
587,587,14,21,29,31,32,37,17,1등,3,14923732125
586,586,2,7,12,15,21,34,5,1등,8,14226834752
585,585,6,7,10,16,38,41,4,1등,9,14584917006
584,584,7,18,30,39,40,41,36,1등,3,15099549750
583,583,8,17,27,33,40,44,24,1등,11,14760331883
582,582,2,12,14,33,40,41,25,1등,4,14242234876
581,581,3,5,14,20,42,44,33,1등,8,14756436376
580,580,5,7,9,11,32,35,33,1등,7,14200273500
579,579,5,7,20,22,37,42,39,1등,11,15356752884
578,578,5,12,14,32,34,42,16,1등,5,13982332875
577,577,16,17,22,31,34,37,33,1등,3,13453315125
576,576,10,11,15,25,35,41,13,1등,3,12965898000
575,575,2,8,20,30,33,34,6,1등,8,13594143000
574,574,14,15,16,19,25,43,2,1등,2,13930369875
573,573,2,4,20,34,35,43,14,1등,8,13165534125
572,572,3,13,18,33,37,45,1,1등,8,13345729500
571,571,11,18,21,26,38,43,29,1등,7,13765769250
570,570,1,12,26,27,29,33,42,1등,9,13750124625
569,569,3,6,13,23,24,35,1,1등,4,13871700750
568,568,1,3,17,20,31,44,40,1등,10,13051675500
567,567,1,10,15,16,32,41,28,1등,6,13911956625
566,566,4,5,6,25,26,43,41,1등,4,14035804125
565,565,4,10,18,27,40,45,38,1등,8,13936515750
564,564,14,19,25,26,27,34,2,1등,7,13543608000
563,563,5,10,16,17,31,32,21,1등,7,13529149500
562,562,4,11,13,17,20,31,33,1등,11,12833640750
561,561,5,7,18,37,42,45,20,1등,5,13768561125
560,560,1,4,20,23,29,45,28,1등,7,13836880500
559,559,11,12,25,32,44,45,23,1등,7,13483019250
558,558,12,15,19,26,40,43,29,1등,10,13159136625
557,557,4,20,26,28,35,40,31,1등,7,13216485000
556,556,12,20,23,28,30,44,43,1등,7,14036464125
555,555,11,17,21,24,26,36,12,1등,8,13688218875
554,554,13,14,17,32,41,42,6,1등,2,13627787250
553,553,2,7,17,28,29,39,37,1등,6,13497788625
552,552,1,10,20,32,35,40,43,1등,10,13308242250
551,551,3,6,20,24,27,44,25,1등,1,13526973750
550,550,1,7,14,20,34,37,41,1등,11,12305471250
549,549,29,31,35,38,40,44,17,1등,8,14086440375
548,548,1,12,13,21,32,45,14,1등,8,13894975125
547,547,6,7,15,22,34,39,28,1등,5,14192222250
546,546,8,17,20,27,37,43,6,1등,30,12178198500
545,545,4,24,25,27,34,35,2,1등,11,13188937875
544,544,5,17,21,25,36,44,10,1등,13,13603049625
543,543,13,18,26,31,34,44,12,1등,12,13355218125
542,542,5,6,19,26,41,45,34,1등,6,14010915375
541,541,8,13,26,28,32,34,43,1등,11,13962598875
540,540,3,12,13,15,34,36,14,1등,7,13925556750
539,539,3,19,22,31,42,43,26,1등,9,14589330000
538,538,6,10,18,31,32,34,11,1등,3,14064064875
537,537,12,23,26,30,36,43,11,1등,7,14728272375
536,536,7,8,18,32,37,43,12,1등,11,14393759625
535,535,11,12,14,15,18,39,34,1등,3,14806809000
534,534,10,24,26,29,37,38,32,1등,1,14215763250
533,533,9,14,15,17,31,33,23,1등,8,14285372625
532,532,16,17,23,24,29,44,3,1등,7,15518274000
531,531,1,5,9,21,27,35,45,1등,9,13693677750
530,530,16,23,27,29,33,41,22,1등,11,13548218625
529,529,18,20,24,27,31,42,39,1등,8,13992918375
528,528,5,17,25,31,39,40,10,1등,11,13176780375
527,527,1,12,22,32,33,42,38,1등,13,13421022750
526,526,7,14,17,20,35,39,31,1등,9,13419287625
525,525,11,23,26,29,39,44,22,1등,9,13510191375
524,524,10,11,29,38,41,45,21,1등,4,13966782375
523,523,1,4,37,38,40,45,7,1등,7,12462490875
522,522,4,5,13,14,37,41,11,1등,6,13689738000
521,521,3,7,18,29,32,36,19,1등,8,13547367375
520,520,4,22,27,28,38,40,1,1등,6,13003232625
519,519,6,8,13,16,30,43,3,1등,7,13654209750
518,518,14,23,30,32,34,38,6,1등,6,13582824750
517,517,1,9,12,28,36,41,10,1등,5,13295288625
516,516,2,8,23,41,43,44,30,1등,11,14236092000
515,515,2,11,12,15,23,37,8,1등,1,13200466875
514,514,1,15,20,26,35,42,9,1등,3,13353166500
513,513,5,8,21,23,27,33,12,1등,3,13768874250
512,512,4,5,9,13,26,27,1,1등,13,12221227875
511,511,3,7,14,23,26,42,24,1등,6,12993475500
510,510,12,29,32,33,39,40,42,1등,5,13220790750
509,509,12,25,29,35,42,43,24,1등,5,13445380500
508,508,5,27,31,34,35,43,37,1등,8,12796462875
507,507,12,13,32,33,40,41,4,1등,9,12747949875
506,506,6,9,11,22,24,30,31,1등,3,12220001625
505,505,7,20,22,25,38,40,44,1등,6,11507731125
504,504,6,14,22,26,43,44,31,1등,9,12989132625
503,503,1,5,27,30,34,36,40,1등,7,12975444375
502,502,6,22,28,32,34,40,26,1등,6,13208748750
501,501,1,4,10,17,31,42,2,1등,4,12100800375
500,500,3,4,12,20,24,34,41,1등,9,12159651375
499,499,5,20,23,27,35,40,43,1등,3,12211440750
498,498,13,14,24,32,39,41,3,1등,4,12978012375
497,497,19,20,23,24,43,44,13,1등,6,13336906875
496,496,4,13,20,29,36,41,39,1등,4,13143729000
495,495,4,13,22,27,34,44,6,1등,6,12669870000
494,494,5,7,8,15,30,43,22,1등,12,12655060875
493,493,20,22,26,33,36,37,25,1등,9,13060083000
492,492,22,27,31,35,37,40,42,1등,5,12465069000
491,491,8,17,35,36,39,42,4,1등,4,13218537750
490,490,2,7,26,29,40,43,42,1등,7,13021639125
489,489,2,4,8,15,20,27,11,1등,6,12638163750
488,488,2,8,17,30,31,38,25,1등,10,13303935750
487,487,4,8,25,27,37,41,21,1등,8,13110646125
486,486,1,2,23,25,38,40,43,1등,13,13112243625
485,485,17,22,26,27,36,39,20,1등,9,13513274250
484,484,1,3,27,28,32,45,11,1등,6,13831818375
483,483,12,15,19,22,28,34,5,1등,5,12835983375
482,482,1,10,16,24,25,35,43,1등,7,13285448250
481,481,3,4,23,29,40,41,20,1등,3,13918067250
480,480,3,5,10,17,30,31,16,1등,4,11986969125
479,479,8,23,25,27,35,44,24,1등,6,13398279000
478,478,18,29,30,37,39,43,8,1등,14,13821146626
477,477,14,25,29,32,33,45,37,1등,8,15352094625
476,476,9,12,13,15,37,38,27,1등,4,13759405875
475,475,1,9,14,16,21,29,3,1등,8,13551384375
474,474,4,13,18,31,33,45,43,1등,15,14050362000
473,473,8,13,20,22,23,36,34,1등,4,13001672250
472,472,16,25,26,31,36,43,44,1등,7,12667592625
471,471,6,13,29,37,39,41,43,1등,7,13575330000
470,470,10,16,20,39,41,42,27,1등,3,12999991875
469,469,4,21,22,34,37,38,33,1등,4,13320525000
468,468,8,13,15,28,37,43,17,1등,9,13744774500
467,467,2,12,14,17,24,40,39,1등,9,12918969750
466,466,4,10,13,23,32,44,20,1등,9,13772821125
465,465,1,8,11,13,22,38,31,1등,7,13465640250
464,464,6,12,15,34,42,44,4,1등,13,43624374375
463,463,23,29,31,33,34,44,40,1등,0,12140599125
462,462,3,20,24,32,37,45,4,1등,8,11868474375
461,461,11,18,26,31,37,40,43,1등,6,11692049250
460,460,8,11,28,30,43,45,41,1등,4,12723583125
459,459,4,6,10,14,25,40,12,1등,7,11590895625
458,458,4,9,10,32,36,40,18,1등,8,12870501000
457,457,8,10,18,23,27,40,33,1등,10,11599028250
456,456,1,7,12,18,23,27,44,1등,7,11189535375
455,455,4,19,20,26,30,35,24,1등,7,11449980375
454,454,13,25,27,34,38,41,10,1등,7,11263879125
453,453,12,24,33,38,40,42,30,1등,5,11313661875
452,452,8,10,18,30,32,34,27,1등,9,11492118000
451,451,12,15,20,24,30,38,29,1등,13,11467806375
450,450,6,14,19,21,23,31,13,1등,6,11942349750
449,449,3,10,20,26,35,43,36,1등,3,12179145750
448,448,3,7,13,27,40,41,36,1등,3,12078638250
447,447,2,7,8,9,17,33,34,1등,4,10631764500
446,446,1,11,12,14,26,35,6,1등,3,12153742875
445,445,13,20,21,30,39,45,32,1등,7,12541781250
444,444,11,13,23,35,43,45,17,1등,3,12462565875
443,443,4,6,10,19,20,44,14,1등,9,11948378250
442,442,25,27,29,36,38,40,41,1등,9,12720717375
441,441,1,23,28,30,34,35,9,1등,4,12681668250
440,440,10,22,28,34,36,44,2,1등,6,11975238000
439,439,17,20,30,31,37,40,25,1등,6,11400464250
438,438,6,12,20,26,29,38,45,1등,9,12394279500
437,437,11,16,29,38,41,44,21,1등,6,12577472625
436,436,9,14,20,22,33,34,28,1등,8,12098132625
435,435,8,16,26,30,38,45,42,1등,10,12875500125
434,434,3,13,20,24,33,37,35,1등,8,11840482125
433,433,19,23,29,33,35,43,27,1등,11,13005238500
432,432,2,3,5,11,27,39,33,1등,5,11497137750
431,431,18,22,25,31,38,45,6,1등,10,12684340125
430,430,1,3,16,18,30,34,44,1등,8,12894105750
429,429,3,23,28,34,39,42,16,1등,9,13373142375
428,428,12,16,19,22,37,40,8,1등,9,12939148875
427,427,6,7,15,24,28,30,21,1등,1,12571445625
426,426,4,17,18,27,39,43,19,1등,4,12228934500
425,425,8,10,14,27,33,38,3,1등,8,12278664000
424,424,10,11,26,31,34,44,30,1등,10,11094808125
423,423,1,17,27,28,29,40,5,1등,3,11688461625
422,422,8,15,19,21,34,44,12,1등,6,13231508250
421,421,6,11,26,27,28,44,30,1등,5,11605721625
420,420,4,9,10,29,31,34,27,1등,8,11398851000
419,419,2,11,13,14,28,30,7,1등,3,11389472250
418,418,11,13,15,26,28,34,31,1등,8,11485198125
417,417,4,5,14,20,22,43,44,1등,4,11273319750
416,416,5,6,8,11,22,26,44,1등,10,10720371000
415,415,7,17,20,26,30,40,24,1등,8,10673459250
414,414,2,14,15,22,23,44,43,1등,1,11703832500
413,413,2,9,15,23,34,40,3,1등,4,11258694000
412,412,4,7,39,41,42,45,40,1등,7,11593398750
411,411,11,14,22,35,37,39,5,1등,12,11438730750
410,410,1,3,18,32,40,41,16,1등,9,11244021375
409,409,6,9,21,31,32,40,38,1등,4,11587959000
408,408,9,20,21,22,30,37,16,1등,5,11176879125
407,407,6,7,13,16,24,25,1,1등,7,11547951000
406,406,7,12,21,24,27,36,45,1등,5,10780712250
405,405,1,2,10,25,26,44,4,1등,3,10631634000
404,404,5,20,21,24,33,40,36,1등,3,10699978125
403,403,10,14,22,24,28,37,26,1등,5,10611984375
402,402,5,9,15,19,22,36,32,1등,4,10648824750
401,401,6,12,18,31,38,43,9,1등,9,10513933125
400,400,9,21,27,34,41,43,2,1등,4,10679337300
399,399,1,2,9,17,19,42,20,1등,8,10214839800
398,398,10,15,20,23,42,44,7,1등,4,10722502200
397,397,12,13,17,22,25,33,8,1등,3,10498559100
396,396,18,20,31,34,40,45,30,1등,2,10593244800
395,395,11,15,20,26,31,35,7,1등,7,10742445000
394,394,1,13,20,22,25,28,15,1등,1,10654349100
393,393,9,16,28,40,41,43,21,1등,8,10896031800
392,392,1,3,7,8,24,42,43,1등,6,10281172200
391,391,10,11,18,22,28,39,30,1등,1,10508749800
390,390,16,17,28,37,39,40,15,1등,1,10373997900
389,389,7,16,18,20,23,26,3,1등,5,10595135100
388,388,1,8,9,17,29,32,45,1등,4,10182175500
387,387,1,26,31,34,40,43,20,1등,4,10702134000
386,386,4,7,10,19,31,40,26,1등,10,10429533300
385,385,7,12,19,21,29,32,9,1등,7,10794228900
384,384,11,22,24,32,36,38,7,1등,3,10976202600
383,383,4,15,28,33,37,40,25,1등,3,10789566300
382,382,10,15,22,24,27,42,19,1등,6,11080049400
381,381,1,5,10,12,16,20,11,1등,19,10749039900
380,380,1,2,8,17,26,37,27,1등,4,10737099300
379,379,6,10,22,31,35,40,19,1등,7,11192998500
378,378,5,22,29,31,34,39,43,1등,5,11588491200
377,377,6,22,29,37,43,45,23,1등,3,11736256200
376,376,1,11,13,24,28,40,7,1등,6,11741494800
375,375,4,8,19,25,27,45,7,1등,7,11068988400
374,374,11,13,15,17,25,34,26,1등,2,11057435700
373,373,15,26,37,42,43,45,9,1등,4,11167204500
372,372,8,11,14,16,18,21,13,1등,9,10733338800
371,371,7,9,15,26,27,42,18,1등,7,10668913800
370,370,16,18,24,42,44,45,17,1등,7,11752593600
369,369,17,20,35,36,41,43,21,1등,6,11053066500
368,368,11,21,24,30,39,45,26,1등,7,10260775800
367,367,3,22,25,29,32,44,19,1등,7,11072156100
366,366,5,12,19,26,27,44,38,1등,2,10703107800
365,365,5,15,21,25,26,30,31,1등,1,10697716800
364,364,2,5,7,14,16,40,4,1등,4,10127659200
363,363,11,12,14,21,32,38,6,1등,4,10463642400
362,362,2,3,22,27,30,40,29,1등,6,10376547900
361,361,5,10,16,24,27,35,33,1등,7,10311805800
360,360,4,16,23,25,35,40,27,1등,3,10700148600
359,359,1,10,19,20,24,40,23,1등,8,10293700800
358,358,1,9,10,12,21,40,37,1등,3,10417964700
357,357,10,14,18,21,36,37,5,1등,2,10626788700
356,356,2,8,14,25,29,45,24,1등,9,10414667400
355,355,5,8,29,30,35,44,38,1등,5,10727124000
354,354,14,19,36,43,44,45,1,1등,5,10622321700
353,353,11,16,19,22,29,36,26,1등,2,10581676500
352,352,5,16,17,20,26,41,24,1등,6,10397149500
351,351,5,25,27,29,34,36,33,1등,4,10333428600
350,350,1,8,18,24,29,33,35,1등,9,9909472200
349,349,5,13,14,20,24,25,36,1등,3,10059627000
348,348,3,14,17,20,24,31,34,1등,3,9899982000
347,347,3,8,13,27,32,42,10,1등,7,10196370000
346,346,5,13,14,22,44,45,33,1등,5,10088636700
345,345,15,20,23,29,39,42,2,1등,2,10407155100
344,344,1,2,15,28,34,45,38,1등,7,10269745800
343,343,1,10,17,29,31,43,15,1등,6,10302918000
342,342,1,13,14,33,34,43,25,1등,3,10362287400
341,341,1,8,19,34,39,43,41,1등,7,10480454400
340,340,18,24,26,29,34,38,32,1등,7,10075752300
339,339,6,8,14,21,30,37,45,1등,9,9871005000
338,338,2,13,34,38,42,45,16,1등,3,10150293000
337,337,1,5,14,18,32,37,4,1등,8,10060004100
336,336,3,5,20,34,35,44,16,1등,6,10113795900
335,335,5,9,16,23,26,45,21,1등,5,10187462400
334,334,13,15,21,29,39,43,33,1등,7,10661020800
333,333,5,14,27,30,39,43,35,1등,7,10856910000
332,332,16,17,34,36,42,45,3,1등,8,10875587100
331,331,4,9,14,26,31,44,39,1등,5,10829513100
330,330,3,4,16,17,19,20,23,1등,9,10460521800
329,329,9,17,19,30,35,42,4,1등,6,10982347200
328,328,1,6,9,16,17,28,24,1등,6,10918775400
327,327,6,12,13,17,32,44,24,1등,12,10592097000
326,326,16,23,25,33,36,39,40,1등,6,10992807300
325,325,7,17,20,32,44,45,33,1등,6,10836734700
324,324,2,4,21,25,33,36,17,1등,6,11190782100
323,323,10,14,15,32,36,42,3,1등,8,11688203100
322,322,9,18,29,32,38,43,20,1등,6,11427268200
321,321,12,18,20,21,25,34,42,1등,6,11754816600
320,320,16,19,23,25,41,45,3,1등,2,11026135800
319,319,5,8,22,28,33,42,37,1등,5,10678296900
318,318,2,17,19,20,34,45,21,1등,9,10866929400
317,317,3,10,11,22,36,39,8,1등,4,10305034200
316,316,10,11,21,27,31,39,43,1등,6,10041518400
315,315,1,13,33,35,43,45,23,1등,8,10469829000
314,314,15,17,19,34,38,41,2,1등,6,9963073200
313,313,9,17,34,35,43,45,2,1등,6,10292536800
312,312,2,3,5,6,12,20,25,1등,15,9435267300
311,311,4,12,24,27,28,32,10,1등,8,9901528500
310,310,1,5,19,28,34,41,16,1등,8,10373706600
309,309,1,2,5,11,18,36,22,1등,11,9917852400
308,308,14,15,17,19,37,45,40,1등,1,10232872800
307,307,5,15,21,23,25,45,12,1등,4,10350573000
306,306,4,18,23,30,34,41,19,1등,5,10513347600
305,305,7,8,18,21,23,39,9,1등,5,10041050700
304,304,4,10,16,26,33,41,38,1등,6,9969876900
303,303,2,14,17,30,38,45,43,1등,6,10036494000
302,302,13,19,20,32,38,42,4,1등,2,10944334500
301,301,7,11,13,33,37,43,26,1등,7,10131695100
300,300,7,9,10,12,26,38,39,1등,12,10033109100
299,299,1,3,20,25,36,45,24,1등,7,10386407700
298,298,5,9,27,29,37,40,19,1등,1,9909778500
297,297,6,11,19,20,28,32,34,1등,2,10113337500
296,296,3,8,15,27,30,45,44,1등,8,24528706200
295,295,1,4,12,16,18,38,8,1등,0,9823300500
294,294,6,10,17,30,37,38,40,1등,4,9626019900
293,293,1,9,17,21,29,33,24,1등,6,0
292,292,17,18,31,32,33,34,10,1등,14,0
291,291,3,7,8,18,20,42,45,1등,7,0
290,290,8,13,18,32,39,45,7,1등,13,0
289,289,3,14,33,37,38,42,10,1등,0,9181683900
288,288,1,12,17,28,35,41,10,1등,4,0
287,287,6,12,24,27,35,37,41,1등,7,0
286,286,1,15,19,40,42,44,17,1등,3,0
285,285,13,33,37,40,41,45,2,1등,3,0
284,284,2,7,15,24,30,45,28,1등,3,0
283,283,6,8,18,31,38,45,42,1등,3,0
282,282,2,5,10,18,31,32,30,1등,7,0
281,281,1,3,4,6,14,41,12,1등,6,0
280,280,10,11,23,24,36,37,35,1등,7,0
279,279,7,16,31,36,37,38,11,1등,5,0
278,278,3,11,37,39,41,43,13,1등,3,0
277,277,10,12,13,15,25,29,20,1등,3,0
276,276,4,15,21,33,39,41,25,1등,3,0
275,275,14,19,20,35,38,40,26,1등,1,0
274,274,13,14,15,26,35,39,25,1등,4,0
273,273,1,8,24,31,34,44,6,1등,3,0
272,272,7,9,12,27,39,43,28,1등,9,0
271,271,3,8,9,27,29,40,36,1등,6,0
270,270,5,9,12,20,21,26,27,1등,5,0
269,269,5,18,20,36,42,43,32,1등,5,0
268,268,3,10,19,24,32,45,12,1등,7,0
267,267,7,8,24,34,36,41,1,1등,3,0
266,266,3,4,9,11,22,42,37,1등,3,0
265,265,5,9,34,37,38,39,12,1등,8,0
264,264,9,16,27,36,41,44,5,1등,7,0
263,263,1,27,28,32,37,40,18,1등,6,0
262,262,9,12,24,25,29,31,36,1등,2,0
261,261,6,11,16,18,31,43,2,1등,3,0
260,260,7,12,15,24,37,40,43,1등,4,0
259,259,4,5,14,35,42,45,34,1등,2,0
258,258,14,27,30,31,38,40,17,1등,4,0
257,257,6,13,27,31,32,37,4,1등,4,0
256,256,4,11,14,21,23,43,32,1등,2,0
255,255,1,5,6,24,27,42,32,1등,6,0
254,254,1,5,19,20,24,30,27,1등,1,0
253,253,8,19,25,31,34,36,33,1등,4,0
252,252,14,23,26,31,39,45,28,1등,7,0
251,251,6,7,19,25,28,38,45,1등,8,0
250,250,19,23,30,37,43,45,38,1등,5,0
249,249,3,8,27,31,41,44,11,1등,6,0
248,248,3,8,17,23,38,45,13,1등,8,0
247,247,12,15,28,36,39,40,13,1등,6,0
246,246,13,18,21,23,26,39,15,1등,5,0
245,245,9,11,27,31,32,38,22,1등,7,0
244,244,13,16,25,36,37,38,19,1등,1,0
243,243,2,12,17,19,28,42,34,1등,4,0
242,242,4,19,20,21,32,34,43,1등,8,0
241,241,2,16,24,27,28,35,21,1등,4,0
240,240,6,10,16,40,41,43,21,1등,2,0
239,239,11,15,24,39,41,44,7,1등,9,0
238,238,2,4,15,28,31,34,35,1등,9,0
237,237,1,11,17,21,24,44,33,1등,7,0
236,236,1,4,8,13,37,39,7,1등,2,0
235,235,21,22,26,27,31,37,8,1등,3,0
234,234,13,21,22,24,26,37,4,1등,4,0
233,233,4,6,13,17,28,40,39,1등,10,0
232,232,8,9,10,12,24,44,35,1등,9,0
231,231,5,10,19,31,44,45,27,1등,9,0
230,230,5,11,14,29,32,33,12,1등,8,0
229,229,4,5,9,11,23,38,35,1등,7,0
228,228,17,25,35,36,39,44,23,1등,9,0
227,227,4,5,15,16,22,42,2,1등,2,0
226,226,2,6,8,14,21,22,34,1등,6,0
225,225,5,11,13,19,31,36,7,1등,6,0
224,224,4,19,26,27,30,42,7,1등,6,0
223,223,1,3,18,20,26,27,38,1등,7,0
222,222,5,7,28,29,39,43,44,1등,5,0
221,221,2,20,33,35,37,40,10,1등,6,0
220,220,5,11,19,21,34,43,31,1등,6,0
219,219,4,11,20,26,35,37,16,1등,9,0
218,218,1,8,14,18,29,44,20,1등,4,0
217,217,16,20,27,33,35,39,38,1등,7,0
216,216,7,16,17,33,36,40,1,1등,13,0
215,215,2,3,7,15,43,44,4,1등,7,0
214,214,5,7,20,25,28,37,32,1등,8,0
213,213,2,3,4,5,20,24,42,1등,8,0
212,212,11,12,18,21,31,38,8,1등,4,0
211,211,12,13,17,20,33,41,8,1등,10,0
210,210,10,19,22,23,25,37,39,1등,2,0
209,209,2,7,18,20,24,33,37,1등,6,0
208,208,14,25,31,34,40,44,24,1등,6,0
207,207,3,11,14,31,32,37,38,1등,5,0
206,206,1,2,3,15,20,25,43,1등,5,0
205,205,1,3,21,29,35,37,30,1등,6,0
204,204,3,12,14,35,40,45,5,1등,8,0
203,203,1,3,11,24,30,32,7,1등,5,0
202,202,12,14,27,33,39,44,17,1등,6,0
201,201,3,11,24,38,39,44,26,1등,1,0
200,200,5,6,13,14,17,20,7,1등,8,0
199,199,14,21,22,25,30,36,43,1등,2,0
198,198,12,19,20,25,41,45,2,1등,6,0
197,197,7,12,16,34,42,45,4,1등,6,0
196,196,35,36,37,41,44,45,30,1등,15,0
195,195,7,10,19,22,35,40,31,1등,11,0
194,194,15,20,23,26,39,44,28,1등,4,0
193,193,6,14,18,26,36,39,13,1등,3,0
192,192,4,8,11,18,37,45,33,1등,4,0
191,191,5,6,24,25,32,37,8,1등,4,0
190,190,8,14,18,30,31,44,15,1등,6,0
189,189,8,14,32,35,37,45,28,1등,3,0
188,188,19,24,27,30,31,34,36,1등,3,0
187,187,1,2,8,18,29,38,42,1등,7,0
186,186,4,10,14,19,21,45,9,1등,9,0
185,185,1,2,4,8,19,38,14,1등,3,0
184,184,1,2,6,16,20,33,41,1등,6,0
183,183,2,18,24,34,40,42,5,1등,6,0
182,182,13,15,27,29,34,40,35,1등,3,0
181,181,14,21,23,32,40,45,44,1등,6,0
180,180,2,15,20,21,29,34,22,1등,2,0
179,179,5,9,17,25,39,43,32,1등,10,0
178,178,1,5,11,12,18,23,9,1등,5,0
177,177,1,10,13,16,37,43,6,1등,7,0
176,176,4,17,30,32,33,34,15,1등,5,0
175,175,19,26,28,31,33,36,17,1등,5,0
174,174,13,14,18,22,35,39,16,1등,7,0
173,173,3,9,24,30,33,34,18,1등,8,0
172,172,4,19,21,24,26,41,35,1등,11,0
171,171,4,16,25,29,34,35,1,1등,6,0
170,170,2,11,13,15,31,42,10,1등,6,0
169,169,16,27,35,37,43,45,19,1등,5,0
168,168,3,10,31,40,42,43,30,1등,5,0
167,167,24,27,28,30,36,39,4,1등,5,0
166,166,9,12,27,36,39,45,14,1등,11,0
165,165,5,13,18,19,22,42,31,1등,2,0
164,164,6,9,10,11,39,41,27,1등,3,0
163,163,7,11,26,28,29,44,16,1등,7,0
162,162,1,5,21,25,38,41,24,1등,5,0
161,161,22,34,36,40,42,45,44,1등,7,0
160,160,3,7,8,34,39,41,1,1등,2,0
159,159,1,18,30,41,42,43,32,1등,6,0
158,158,4,9,13,18,21,34,7,1등,10,0
157,157,19,26,30,33,35,39,37,1등,2,0
156,156,5,18,28,30,42,45,2,1등,8,0
155,155,16,19,20,32,33,41,4,1등,9,0
154,154,6,19,21,35,40,45,20,1등,4,0
153,153,3,8,11,12,13,36,33,1등,4,0
152,152,1,5,13,26,29,34,43,1등,5,0
151,151,1,2,10,13,18,19,15,1등,4,0
150,150,2,18,25,28,37,39,16,1등,4,0
149,149,2,11,21,34,41,42,27,1등,7,0
148,148,21,25,33,34,35,36,17,1등,5,0
147,147,4,6,13,21,40,42,36,1등,7,0
146,146,2,19,27,35,41,42,25,1등,2,0
145,145,2,3,13,20,27,44,9,1등,3,0
144,144,4,15,17,26,36,37,43,1등,8,0
143,143,26,27,28,42,43,45,8,1등,3,0
142,142,12,16,30,34,40,44,19,1등,11,0
141,141,8,12,29,31,42,43,2,1등,6,0
140,140,3,13,17,18,19,28,8,1등,5,0
139,139,9,11,15,20,28,43,13,1등,7,0
138,138,10,11,27,28,37,39,19,1등,5,0
137,137,7,9,20,25,36,39,15,1등,9,0
136,136,2,16,30,36,41,42,11,1등,6,0
135,135,6,14,22,28,35,39,16,1등,7,0
134,134,3,12,20,23,31,35,43,1등,5,0
133,133,4,7,15,18,23,26,13,1등,8,0
132,132,3,17,23,34,41,45,43,1등,4,0
131,131,8,10,11,14,15,21,37,1등,8,0
130,130,7,19,24,27,42,45,31,1등,4,0
129,129,19,23,25,28,38,42,17,1등,11,0
128,128,12,30,34,36,37,45,39,1등,6,0
127,127,3,5,10,29,32,43,35,1등,6,0
126,126,7,20,22,27,40,43,1,1등,9,0
125,125,2,8,32,33,35,36,18,1등,7,0
124,124,4,16,23,25,29,42,1,1등,9,0
123,123,7,17,18,28,30,45,27,1등,5,0
122,122,1,11,16,17,36,40,8,1등,9,0
121,121,12,28,30,34,38,43,9,1등,2,0
120,120,4,6,10,11,32,37,30,1등,3,0
119,119,3,11,13,14,17,21,38,1등,9,0
118,118,3,4,10,17,19,22,38,1등,10,0
117,117,5,10,22,34,36,44,35,1등,9,0
116,116,2,4,25,31,34,37,17,1등,7,0
115,115,1,2,6,9,25,28,31,1등,9,0
114,114,11,14,19,26,28,41,2,1등,6,0
113,113,4,9,28,33,36,45,26,1등,9,0
112,112,26,29,30,33,41,42,43,1등,9,0
111,111,7,18,31,33,36,40,27,1등,6,0
110,110,7,20,22,23,29,43,1,1등,3,0
109,109,1,5,34,36,42,44,33,1등,12,0
108,108,7,18,22,23,29,44,12,1등,7,0
107,107,1,4,5,6,9,31,17,1등,2,0
106,106,4,10,12,22,24,33,29,1등,16,0
105,105,8,10,20,34,41,45,28,1등,4,0
104,104,17,32,33,34,42,44,35,1등,2,0
103,103,5,14,15,27,30,45,10,1등,8,0
102,102,17,22,24,26,35,40,42,1등,9,0
101,101,1,3,17,32,35,45,8,1등,5,0
100,100,1,7,11,23,37,42,6,1등,4,0
99,99,1,3,10,27,29,37,11,1등,6,0
98,98,6,9,16,23,24,32,43,1등,4,0
97,97,6,7,14,15,20,36,3,1등,9,0
96,96,1,3,8,21,22,31,20,1등,7,0
95,95,8,17,27,31,34,43,14,1등,8,0
94,94,5,32,34,40,41,45,6,1등,6,0
93,93,6,22,24,36,38,44,19,1등,6,0
92,92,3,14,24,33,35,36,17,1등,11,0
91,91,1,21,24,26,29,42,27,1등,4,0
90,90,17,20,29,35,38,44,10,1등,4,0
89,89,4,26,28,29,33,40,37,1등,3,0
88,88,1,17,20,24,30,41,27,1등,4,0
87,87,4,12,16,23,34,43,26,1등,11,0
86,86,2,12,37,39,41,45,33,1등,1,0
85,85,6,8,13,23,31,36,21,1등,4,0
84,84,16,23,27,34,42,45,11,1등,2,0
83,83,6,10,15,17,19,34,14,1등,2,0
82,82,1,2,3,14,27,42,39,1등,1,0
81,81,5,7,11,13,20,33,6,1등,5,0
80,80,17,18,24,25,26,30,1,1등,1,0
79,79,3,12,24,27,30,32,14,1등,4,0
78,78,10,13,25,29,33,35,38,1등,4,0
77,77,2,18,29,32,43,44,37,1등,3,0
76,76,1,3,15,22,25,37,43,1등,2,0
75,75,2,5,24,32,34,44,28,1등,4,0
74,74,6,15,17,18,35,40,23,1등,3,0
73,73,3,12,18,32,40,43,38,1등,6,0
72,72,2,4,11,17,26,27,1,1등,13,0
71,71,5,9,12,16,29,41,21,1등,0,14909209800
70,70,5,19,22,25,28,43,26,1등,3,0
69,69,5,8,14,15,19,39,35,1등,3,0
68,68,10,12,15,16,26,39,38,1등,5,0
67,67,3,7,10,15,36,38,33,1등,7,0
66,66,2,3,7,17,22,24,45,1등,4,0
65,65,4,25,33,36,40,43,39,1등,4,0
64,64,14,15,18,21,26,36,39,1등,4,0
63,63,3,20,23,36,38,40,5,1등,2,0
62,62,3,8,15,27,29,35,21,1등,1,0
61,61,14,15,19,30,38,43,8,1등,5,0
60,60,2,8,25,36,39,42,11,1등,7,0
59,59,6,29,36,39,41,45,13,1등,4,0
58,58,10,24,25,33,40,44,1,1등,4,0
57,57,7,10,16,25,29,44,6,1등,4,0
56,56,10,14,30,31,33,37,19,1등,4,0
55,55,17,21,31,37,40,44,7,1등,2,0
54,54,1,8,21,27,36,39,37,1등,3,0
53,53,7,8,14,32,33,39,42,1등,3,0
52,52,2,4,15,16,20,29,1,1등,4,0
51,51,2,3,11,16,26,44,35,1등,6,0
50,50,2,10,12,15,22,44,1,1등,3,0
49,49,4,7,16,19,33,40,30,1등,7,0
48,48,6,10,18,26,37,38,3,1등,6,0
47,47,14,17,26,31,36,45,27,1등,5,0
46,46,8,13,15,23,31,38,39,1등,3,0
45,45,1,10,20,27,33,35,17,1등,2,0
44,44,3,11,21,30,38,45,39,1등,5,0
43,43,6,31,35,38,39,44,1,1등,1,0
42,42,17,18,19,21,23,32,1,1등,6,0
41,41,13,20,23,35,38,43,34,1등,0,13784904600
40,40,7,13,18,19,25,26,6,1등,13,0
39,39,6,7,13,15,21,43,8,1등,6,0
38,38,16,17,22,30,37,43,36,1등,3,0
37,37,7,27,30,33,35,37,42,1등,3,0
36,36,1,10,23,26,28,40,31,1등,1,0
35,35,2,3,11,26,37,43,39,1등,3,0
34,34,9,26,35,37,40,42,2,1등,5,0
33,33,4,7,32,33,40,41,9,1등,1,0
32,32,6,14,19,25,34,44,11,1등,10,0
31,31,7,9,18,23,28,35,32,1등,2,0
30,30,8,17,20,35,36,44,4,1등,2,0
29,29,1,5,13,34,39,40,11,1등,5,0
28,28,9,18,23,25,35,37,1,1등,10,0
27,27,1,20,26,28,37,43,27,1등,2,0
26,26,4,5,7,18,20,25,31,1등,5,0
25,25,2,4,21,26,43,44,16,1등,2,0
24,24,7,8,27,29,36,43,6,1등,0,19010560200
23,23,5,13,17,18,33,42,44,1등,4,0
22,22,4,5,6,8,17,39,25,1등,4,0
21,21,6,12,17,18,31,32,21,1등,23,0
20,20,10,14,18,20,23,30,41,1등,1,0
19,19,6,30,38,39,40,43,26,1등,1,0
18,18,3,12,13,19,32,35,29,1등,0,15751560000
17,17,3,4,9,17,32,37,1,1등,3,0
16,16,6,7,24,37,38,40,33,1등,4,0
15,15,3,4,16,30,31,37,13,1등,1,0
14,14,2,6,12,31,33,40,15,1등,4,0
13,13,22,23,25,37,38,42,26,1등,0,15599134800
12,12,2,11,21,25,39,45,44,1등,12,0
11,11,1,7,36,37,41,42,14,1등,5,0
10,10,9,25,30,33,41,44,6,1등,13,0
9,9,2,4,16,17,36,39,14,1등,0,25803852000
8,8,8,19,25,34,37,39,9,1등,0,7336896000
7,7,2,9,16,25,26,40,42,1등,0,2600913000
6,6,14,15,26,27,40,42,34,1등,1,0
5,5,16,24,29,40,41,42,3,1등,0,3041094900
4,4,14,27,30,31,40,42,2,1등,0,1267147200
3,3,11,16,19,21,27,31,30,1등,1,0
2,2,9,13,21,25,32,42,2,1등,1,0
1,1,10,23,29,33,37,40,16,1등,0,863604600
