No,회차,당첨번호,,,,,,보너스,순위,당첨게임수,1게임당 당첨금액
1,"1,208",6,27,30,36,38,42,25,1등,6 명,"5,001,713,625 원"
2,"1,207",10,22,24,27,38,45,11,1등,17 명,"1,733,202,949 원"
3,"1,206",1,3,17,26,27,42,23,1등,15 명,"1,868,807,000 원"
4,"1,205",1,4,16,23,31,41,2,1등,10 명,"3,226,386,263 원"
5,"1,204",8,16,28,30,31,44,27,1등,18 명,"1,661,007,688 원"
6,"1,203",3,6,18,29,35,39,24,1등,21 명,"1,368,060,733 원"
7,"1,202",5,12,21,33,37,40,7,1등,14 명,"1,920,410,813 원"
8,"1,201",7,9,24,27,35,36,37,1등,19 명,"1,414,555,718 원"
9,"1,200",1,2,4,16,20,32,45,1등,12 명,"2,357,299,875 원"
10,"1,199",16,24,25,30,31,32,7,1등,17 명,"1,695,609,839 원"
11,"1,198",26,30,33,38,39,41,21,1등,10 명,"2,953,686,638 원"
12,"1,197",1,5,7,26,28,43,30,1등,13 명,"2,205,089,827 원"
13,"1,196",8,12,15,29,40,45,14,1등,15 명,"2,001,627,550 원"
14,"1,195",3,15,27,33,34,36,37,1등,10 명,"2,939,186,738 원"
15,"1,194",3,13,15,24,33,37,2,1등,28 명,"985,155,349 원"
16,"1,193",6,9,16,19,24,28,17,1등,16 명,"1,717,013,508 원"
17,"1,192",10,16,23,36,39,40,11,1등,29 명,"1,079,546,587 원"
18,"1,191",1,4,11,12,20,41,2,1등,18 명,"1,536,334,355 원"
19,"1,190",7,9,19,23,26,45,33,1등,6 명,"4,622,793,813 원"
20,"1,189",9,19,29,35,37,38,31,1등,13 명,"2,263,651,299 원"
21,"1,188",3,4,12,19,22,27,9,1등,24 명,"1,074,625,172 원"
22,"1,187",5,13,26,29,37,40,42,1등,11 명,"2,619,380,012 원"
23,"1,186",2,8,13,16,23,28,35,1등,14 명,"1,985,676,911 원"
24,"1,185",6,17,22,28,29,32,38,1등,12 명,"2,388,695,125 원"
25,"1,184",14,16,23,25,31,37,42,1등,15 명,"1,910,655,600 원"
26,"1,183",4,15,17,23,27,36,31,1등,13 명,"2,073,966,000 원"
27,"1,182",1,13,21,25,28,31,22,1등,13 명,"2,124,785,424 원"
28,"1,181",8,10,14,20,33,41,28,1등,17 명,"1,593,643,500 원"
29,"1,180",6,12,18,37,40,41,3,1등,11 명,"2,535,566,421 원"
30,"1,179",3,16,18,24,40,44,21,1등,13 명,"2,162,821,097 원"
31,"1,178",5,6,11,27,43,44,17,1등,12 명,"2,391,608,407 원"
32,"1,177",3,7,15,16,19,43,21,1등,6 명,"4,576,672,000 원"
33,"1,176",7,9,11,21,30,35,29,1등,13 명,"2,052,166,154 원"
34,"1,175",3,4,6,8,32,42,31,1등,20 명,"1,384,026,094 원"
35,"1,174",8,11,14,17,36,39,22,1등,15 명,"1,910,619,425 원"
36,"1,173",1,5,18,20,30,35,3,1등,24 명,"1,179,946,063 원"
37,"1,172",7,9,24,40,42,44,45,1등,13 명,"2,203,004,452 원"
38,"1,171",3,6,7,11,12,17,19,1등,21 명,"1,128,345,286 원"
39,"1,170",3,13,28,34,38,42,25,1등,20 명,"1,386,550,969 원"
40,"1,169",5,12,24,26,39,42,20,1등,10 명,"2,852,735,813 원"
41,"1,168",9,21,24,30,33,37,29,1등,13 명,"2,136,635,914 원"
42,"1,167",8,23,31,35,39,40,24,1등,10 명,"2,884,087,913 원"
43,"1,166",14,23,25,27,29,42,16,1등,14 명,"2,072,319,938 원"
44,"1,165",6,7,27,29,38,45,17,1등,13 명,"2,192,485,270 원"
45,"1,164",17,18,23,25,38,39,22,1등,13 명,"2,193,092,164 원"
46,"1,163",2,13,15,16,33,43,4,1등,15 명,"1,936,891,150 원"
47,"1,162",20,21,22,25,28,29,6,1등,36 명,"823,931,021 원"
48,"1,161",2,12,20,24,34,42,37,1등,16 명,"1,792,657,969 원"
49,"1,160",7,13,18,36,39,45,19,1등,12 명,"2,509,359,875 원"
50,"1,159",3,9,27,28,38,39,7,1등,23 명,"1,284,854,250 원"
51,"1,158",21,25,27,32,37,38,20,1등,21 명,"1,394,358,197 원"
52,"1,157",5,7,12,20,25,26,28,1등,12 명,"2,257,842,157 원"
53,"1,156",30,31,34,39,41,45,7,1등,21 명,"1,505,207,090 원"
54,"1,155",10,16,19,27,37,38,13,1등,7 명,"4,066,375,179 원"
55,"1,154",4,8,22,26,32,38,27,1등,15 명,"1,854,965,425 원"
56,"1,153",1,9,10,13,35,44,5,1등,15 명,"2,027,312,925 원"
57,"1,152",30,31,32,35,36,37,5,1등,35 명,"874,349,668 원"
58,"1,151",2,3,9,15,27,29,8,1등,17 명,"1,620,503,030 원"
59,"1,150",8,9,18,35,39,45,25,1등,17 명,"1,570,620,309 원"
60,"1,149",8,15,19,21,32,36,38,1등,17 명,"1,613,380,765 원"
61,"1,148",3,6,13,15,16,22,32,1등,13 명,"2,073,332,308 원"
62,"1,147",7,11,24,26,27,37,32,1등,8 명,"3,323,422,079 원"
63,"1,146",6,11,17,19,40,43,28,1등,11 명,"2,526,476,353 원"
64,"1,145",2,11,31,33,37,44,32,1등,9 명,"3,051,630,084 원"
65,"1,144",3,4,12,15,26,34,6,1등,18 명,"1,489,347,375 원"
66,"1,143",10,16,17,27,28,36,6,1등,11 명,"2,545,657,023 원"
67,"1,142",2,8,28,30,37,41,22,1등,9 명,"3,117,517,709 원"
68,"1,141",7,11,12,21,26,35,20,1등,11 명,"2,457,758,285 원"
69,"1,140",7,10,22,29,31,38,15,1등,12 명,"2,279,823,938 원"
70,"1,139",5,12,15,30,37,40,18,1등,13 명,"2,167,490,972 원"
71,"1,138",14,16,19,20,29,34,35,1등,14 명,"1,902,656,786 원"
72,"1,137",4,9,12,15,33,45,26,1등,14 명,"2,023,447,688 원"
73,"1,136",21,33,35,38,42,44,1,1등,12 명,"2,314,468,157 원"
74,"1,135",1,6,13,19,21,33,4,1등,9 명,"2,953,726,125 원"
75,"1,134",3,7,9,13,19,24,23,1등,14 명,"1,755,689,384 원"
76,"1,133",13,14,20,28,29,34,23,1등,13 명,"2,105,079,491 원"
77,"1,132",6,7,19,28,34,41,5,1등,11 명,"2,404,951,807 원"
78,"1,131",1,2,6,14,27,38,33,1등,17 명,"1,542,367,898 원"
79,"1,130",15,19,21,25,27,28,40,1등,12 명,"2,263,301,219 원"
80,"1,129",5,10,11,17,28,34,22,1등,11 명,"2,369,567,660 원"
81,"1,128",1,5,8,16,28,33,45,1등,63 명,"419,925,560 원"
82,"1,127",10,15,24,30,31,37,32,1등,12 명,"2,267,891,969 원"
83,"1,126",4,5,9,11,37,40,7,1등,11 명,"2,386,382,421 원"
84,"1,125",6,14,25,33,40,44,30,1등,12 명,"2,195,289,188 원"
85,"1,124",3,8,17,30,33,34,28,1등,10 명,"2,623,327,913 원"
86,"1,123",13,19,21,24,34,35,26,1등,16 명,"1,731,310,711 원"
87,"1,122",3,6,21,30,34,35,22,1등,11 명,"2,556,266,046 원"
88,"1,121",6,24,31,32,38,44,8,1등,11 명,"2,524,513,262 원"
89,"1,120",2,19,26,31,38,41,34,1등,11 명,"2,522,163,375 원"
90,"1,119",1,9,12,13,20,45,3,1등,19 명,"1,396,028,764 원"
91,"1,118",11,13,14,15,16,45,3,1등,19 명,"1,477,445,132 원"
92,"1,117",3,4,9,30,33,36,7,1등,9 명,"3,028,385,542 원"
93,"1,116",15,16,17,25,30,31,32,1등,10 명,"2,695,000,238 원"
94,"1,115",7,12,23,32,34,36,8,1등,12 명,"2,257,278,282 원"
95,"1,114",10,16,19,32,33,38,3,1등,17 명,"1,583,813,824 원"
96,"1,113",11,13,20,21,32,44,8,1등,14 명,"1,987,426,822 원"
97,"1,112",16,20,26,36,42,44,24,1등,10 명,"2,804,455,650 원"
98,"1,111",3,13,30,33,43,45,4,1등,16 명,"1,714,662,540 원"
99,"1,110",3,7,11,20,22,41,24,1등,16 명,"1,647,392,719 원"
100,"1,109",10,12,13,19,33,40,2,1등,17 명,"1,584,352,875 원"
101,"1,108",7,19,26,37,39,44,27,1등,14 명,"1,957,990,849 원"
102,"1,107",6,14,30,31,40,41,29,1등,14 명,"2,025,625,233 원"
103,"1,106",1,3,4,29,42,45,36,1등,11 명,"2,790,462,819 원"
104,"1,105",6,16,34,37,39,40,11,1등,15 명,"1,834,853,800 원"
105,"1,104",1,7,21,30,35,38,2,1등,15 명,"1,817,193,100 원"
106,"1,103",10,12,29,31,40,44,2,1등,17 명,"1,574,419,633 원"
107,"1,102",13,14,22,26,37,38,20,1등,20 명,"1,383,591,413 원"
108,"1,101",6,7,13,28,36,42,41,1등,13 명,"2,100,529,500 원"
109,"1,100",17,26,29,30,31,43,12,1등,13 명,"2,207,575,472 원"
110,"1,099",3,20,28,38,40,43,4,1등,9 명,"2,959,934,125 원"
111,"1,098",12,16,21,24,41,43,15,1등,13 명,"1,930,461,895 원"
112,"1,097",14,33,34,35,37,40,4,1등,7 명,"3,864,293,090 원"
113,"1,096",1,12,16,19,23,43,34,1등,10 명,"2,539,391,175 원"
114,"1,095",8,14,28,29,34,40,12,1등,10 명,"2,617,825,575 원"
115,"1,094",6,7,15,22,26,40,41,1등,12 명,"2,112,854,469 원"
116,"1,093",10,17,22,30,35,43,44,1등,13 명,"1,967,040,750 원"
117,"1,092",7,18,19,26,33,45,37,1등,16 명,"1,583,289,844 원"
118,"1,091",6,20,23,24,28,30,44,1등,9 명,"2,898,470,459 원"
119,"1,090",12,19,21,29,40,45,1,1등,11 명,"2,386,494,614 원"
120,"1,089",4,18,31,37,42,43,40,1등,9 명,"2,978,522,167 원"
121,"1,088",11,21,22,30,39,44,31,1등,11 명,"2,434,697,898 원"
122,"1,087",13,14,18,21,34,44,16,1등,16 명,"1,732,253,602 원"
123,"1,086",11,16,25,27,35,36,37,1등,17 명,"1,515,913,809 원"
124,"1,085",4,7,17,18,38,44,36,1등,23 명,"1,073,277,473 원"
125,"1,084",8,12,13,29,33,42,5,1등,15 명,"1,738,764,600 원"
126,"1,083",3,7,14,15,22,38,17,1등,15 명,"1,713,084,525 원"
127,"1,082",21,26,27,32,34,42,31,1등,7 명,"3,720,489,643 원"
128,"1,081",1,9,16,23,24,38,17,1등,11 명,"2,343,892,944 원"
129,"1,080",13,16,23,31,36,44,38,1등,7 명,"3,639,444,429 원"
130,"1,079",4,8,18,24,37,45,6,1등,9 명,"2,712,329,417 원"
131,"1,078",6,10,11,14,36,38,43,1등,12 명,"2,141,604,938 원"
132,"1,077",4,8,17,30,40,43,34,1등,7 명,"3,570,901,018 원"
133,"1,076",3,7,9,33,36,37,10,1등,9 명,"2,672,689,750 원"
134,"1,075",1,23,24,35,44,45,10,1등,9 명,"2,896,337,167 원"
135,"1,074",1,6,20,27,28,41,15,1등,12 명,"2,134,763,657 원"
136,"1,073",6,18,28,30,32,38,15,1등,11 명,"2,345,227,603 원"
137,"1,072",16,18,20,23,32,43,27,1등,12 명,"2,175,006,375 원"
138,"1,071",1,2,11,21,30,35,39,1등,5 명,"5,183,979,750 원"
139,"1,070",3,6,14,22,30,41,36,1등,14 명,"1,859,116,929 원"
140,"1,069",1,10,18,22,28,31,44,1등,14 명,"1,863,217,554 원"
141,"1,068",4,7,19,26,33,35,3,1등,19 명,"1,363,929,514 원"
142,"1,067",7,10,19,23,28,33,18,1등,13 명,"1,981,114,010 원"
143,"1,066",6,11,16,19,21,32,45,1등,15 명,"1,670,947,250 원"
144,"1,065",3,18,19,23,32,45,24,1등,14 명,"1,852,593,938 원"
145,"1,064",3,6,9,18,22,35,14,1등,19 명,"1,348,168,106 원"
146,"1,063",3,6,22,23,24,38,30,1등,7 명,"3,770,311,875 원"
147,"1,062",20,31,32,40,41,45,12,1등,7 명,"3,801,933,804 원"
148,"1,061",4,24,27,35,37,45,15,1등,11 명,"2,422,768,773 원"
149,"1,060",3,10,24,33,38,45,36,1등,28 명,"898,238,907 원"
150,"1,059",7,10,22,25,34,40,27,1등,13 명,"2,033,168,481 원"
151,"1,058",11,23,25,30,32,40,42,1등,13 명,"2,058,020,250 원"
152,"1,057",8,13,19,27,40,45,12,1등,17 명,"1,616,069,714 원"
153,"1,056",13,20,24,32,36,45,29,1등,14 명,"1,969,662,456 원"
154,"1,055",4,7,12,14,22,33,31,1등,11 명,"2,362,815,205 원"
155,"1,054",14,19,27,28,30,45,33,1등,9 명,"3,147,925,709 원"
156,"1,053",22,26,29,30,34,45,15,1등,7 명,"4,090,367,411 원"
157,"1,052",5,17,26,27,35,38,1,1등,11 명,"2,341,682,762 원"
158,"1,051",21,26,30,32,33,35,44,1등,18 명,"1,669,558,480 원"
159,"1,050",6,12,31,35,38,43,17,1등,17 명,"1,535,083,280 원"
160,"1,049",3,5,13,20,21,37,17,1등,15 명,"1,727,810,100 원"
161,"1,048",6,12,17,21,32,39,30,1등,17 명,"1,612,494,508 원"
162,"1,047",2,20,33,40,42,44,32,1등,9 명,"2,748,797,875 원"
163,"1,046",7,16,25,29,35,36,28,1등,12 명,"2,011,415,719 원"
164,"1,045",6,14,15,19,21,41,37,1등,13 명,"1,990,060,443 원"
165,"1,044",12,17,20,26,28,36,4,1등,8 명,"3,136,941,235 원"
166,"1,043",3,5,12,22,26,31,19,1등,17 명,"1,468,646,956 원"
167,"1,042",5,14,15,23,34,43,4,1등,20 명,"1,240,663,669 원"
168,"1,041",6,7,9,11,17,18,45,1등,25 명,"935,091,165 원"
169,"1,040",8,16,26,29,31,36,11,1등,7 명,"3,660,482,625 원"
170,"1,039",2,3,6,19,36,39,26,1등,16 명,"1,585,019,672 원"
171,"1,038",7,16,24,27,37,44,2,1등,15 명,"1,627,457,225 원"
172,"1,037",2,14,15,22,27,33,31,1등,15 명,"1,708,576,825 원"
173,"1,036",2,5,22,32,34,45,39,1등,9 명,"2,837,323,167 원"
174,"1,035",9,14,34,35,41,42,2,1등,8 명,"3,231,193,735 원"
175,"1,034",26,31,32,33,38,40,11,1등,9 명,"2,868,856,209 원"
176,"1,033",3,11,15,20,35,44,10,1등,13 명,"1,913,414,943 원"
177,"1,032",1,6,12,19,36,42,28,1등,10 명,"2,675,257,538 원"
178,"1,031",6,7,22,32,35,36,19,1등,8 명,"3,213,957,563 원"
179,"1,030",2,5,11,17,24,29,9,1등,19 명,"1,276,406,507 원"
180,"1,029",12,30,32,37,39,41,24,1등,10 명,"2,527,848,450 원"
181,"1,028",5,7,12,13,18,35,23,1등,20 명,"1,181,235,132 원"
182,"1,027",14,16,27,35,39,45,5,1등,10 명,"2,460,504,338 원"
183,"1,026",5,12,13,31,32,41,34,1등,15 명,"1,619,118,475 원"
184,"1,025",8,9,20,25,29,33,7,1등,4 명,"6,118,853,344 원"
185,"1,024",9,18,20,22,38,44,10,1등,8 명,"3,020,323,500 원"
186,"1,023",10,14,16,18,29,35,25,1등,9 명,"2,745,677,875 원"
187,"1,022",5,6,11,29,42,45,28,1등,5 명,"4,866,468,075 원"
188,"1,021",12,15,17,24,29,45,16,1등,12 명,"2,108,962,250 원"
189,"1,020",12,27,29,38,41,45,6,1등,13 명,"1,966,431,520 원"
190,"1,019",1,4,13,17,34,39,6,1등,50 명,"438,565,140 원"
191,"1,018",3,19,21,25,37,45,35,1등,2 명,"12,361,744,688 원"
192,"1,017",12,18,22,23,30,34,32,1등,7 명,"3,517,684,822 원"
193,"1,016",15,26,28,34,41,42,44,1등,11 명,"2,260,660,671 원"
194,"1,015",14,23,31,33,37,40,44,1등,8 명,"3,051,105,610 원"
195,"1,014",3,11,14,18,26,27,21,1등,10 명,"2,410,449,338 원"
196,"1,013",21,22,26,34,36,41,32,1등,5 명,"5,047,570,725 원"
197,"1,012",5,11,18,20,35,45,3,1등,13 명,"1,861,944,318 원"
198,"1,011",1,9,12,26,35,38,42,1등,11 명,"2,220,348,512 원"
199,"1,010",9,12,15,25,34,36,3,1등,8 명,"3,119,380,079 원"
200,"1,009",15,23,29,34,40,44,20,1등,15 명,"1,702,462,825 원"
201,"1,008",9,11,30,31,41,44,33,1등,11 명,"2,267,377,910 원"
202,"1,007",8,11,16,19,21,25,40,1등,9 명,"2,718,786,375 원"
203,"1,006",8,11,15,16,17,37,36,1등,9 명,"2,855,602,125 원"
204,"1,005",8,13,18,24,27,29,17,1등,12 명,"2,061,199,344 원"
205,"1,004",7,15,30,37,39,44,18,1등,10 명,"2,576,251,913 원"
206,"1,003",1,4,29,39,43,45,31,1등,14 명,"1,811,116,822 원"
207,"1,002",17,25,33,35,38,45,15,1등,8 명,"3,088,449,563 원"
208,"1,001",6,10,12,14,20,42,15,1등,12 명,"2,077,279,594 원"
209,"1,000",2,8,19,22,32,42,39,1등,22 명,"1,246,819,620 원"
210,999,1,3,9,14,18,28,34,1등,16 명,"1,513,274,790 원"
211,998,13,17,18,20,42,45,41,1등,12 명,"2,076,499,657 원"
212,997,4,7,14,16,24,44,20,1등,19 명,"1,253,749,560 원"
213,996,6,11,15,24,32,39,28,1등,18 명,"1,491,185,771 원"
214,995,1,4,13,29,38,39,7,1등,7 명,"3,447,271,875 원"
215,994,1,3,8,24,27,35,28,1등,12 명,"1,861,582,063 원"
216,993,6,14,16,18,24,42,44,1등,6 명,"3,991,197,063 원"
217,992,12,20,26,33,44,45,24,1등,12 명,"1,986,955,563 원"
218,991,13,18,25,31,33,44,38,1등,8 명,"2,904,166,032 원"
219,990,2,4,25,26,36,37,28,1등,14 명,"1,740,095,277 원"
220,989,17,18,21,27,29,33,26,1등,4 명,"5,826,768,563 원"
221,988,2,13,20,30,31,41,27,1등,9 명,"2,678,489,375 원"
222,987,2,4,15,23,29,38,7,1등,10 명,"2,378,711,625 원"
223,986,7,10,16,28,41,42,40,1등,10 명,"2,375,275,125 원"
224,985,17,21,23,30,34,44,19,1등,10 명,"2,434,752,975 원"
225,984,3,10,23,35,36,37,18,1등,7 명,"3,453,006,268 원"
226,983,13,23,26,31,35,43,15,1등,10 명,"2,503,422,225 원"
227,982,5,7,13,20,21,44,33,1등,8 명,"3,023,630,672 원"
228,981,27,36,37,41,43,45,32,1등,13 명,"1,992,863,193 원"
229,980,3,13,16,23,24,35,14,1등,7 명,"3,409,443,215 원"
230,979,7,11,16,21,27,33,24,1등,14 명,"1,606,400,518 원"
231,978,1,7,15,32,34,42,8,1등,10 명,"2,373,391,388 원"
232,977,2,9,10,14,22,44,16,1등,14 명,"1,669,905,911 원"
233,976,4,12,14,25,35,37,2,1등,7 명,"3,243,867,215 원"
234,975,7,8,9,17,22,24,5,1등,9 명,"2,440,410,375 원"
235,974,1,2,11,16,39,44,32,1등,17 명,"1,317,034,523 원"
236,973,22,26,31,37,41,42,24,1등,8 명,"2,912,742,750 원"
237,972,3,6,17,23,37,39,26,1등,20 명,"1,124,886,244 원"
238,971,2,6,17,18,21,26,7,1등,6 명,"3,725,880,250 원"
239,970,9,11,16,21,28,36,5,1등,14 명,"1,611,544,045 원"
240,969,3,9,10,29,40,45,7,1등,20 명,"1,149,427,894 원"
241,968,2,5,12,14,24,39,33,1등,13 명,"1,667,729,683 원"
242,967,1,6,13,37,38,40,9,1등,4 명,"5,809,776,094 원"
243,966,1,21,25,29,34,37,36,1등,10 명,"2,411,303,513 원"
244,965,2,13,25,28,29,36,34,1등,7 명,"3,403,348,929 원"
245,964,6,21,36,38,39,43,30,1등,10 명,"2,345,861,063 원"
246,963,6,12,19,23,34,42,35,1등,15 명,"1,476,478,125 원"
247,962,1,18,28,31,34,43,40,1등,12 명,"1,940,906,094 원"
248,961,11,20,29,31,33,42,43,1등,9 명,"2,575,231,209 원"
249,960,2,18,24,30,32,45,14,1등,10 명,"2,401,133,213 원"
250,959,1,14,15,24,40,41,35,1등,8 명,"3,015,312,891 원"
251,958,2,9,10,16,35,37,1,1등,15 명,"1,596,119,675 원"
252,957,4,15,24,35,36,40,1,1등,11 명,"2,126,634,137 원"
253,956,10,11,20,21,25,41,40,1등,11 명,"2,022,982,671 원"
254,955,4,9,23,26,29,33,8,1등,12 명,"2,023,170,188 원"
255,954,1,9,26,28,30,41,32,1등,10 명,"2,478,795,900 원"
256,953,7,9,22,27,37,42,34,1등,14 명,"1,640,636,009 원"
257,952,4,12,22,24,33,41,38,1등,9 명,"2,713,699,834 원"
258,951,2,12,30,31,39,43,38,1등,14 명,"1,747,552,661 원"
259,950,3,4,15,22,28,40,10,1등,8 명,"3,281,920,500 원"
260,949,14,21,35,36,40,44,30,1등,10 명,"2,458,569,713 원"
261,948,13,18,30,31,38,41,5,1등,11 명,"2,188,548,716 원"
262,947,3,8,17,20,27,35,26,1등,18 명,"1,275,855,750 원"
263,946,9,18,19,30,34,40,20,1등,11 명,"2,157,656,182 원"
264,945,9,10,15,30,33,37,26,1등,13 명,"1,765,554,491 원"
265,944,2,13,16,19,32,33,42,1등,13 명,"1,961,836,356 원"
266,943,1,8,13,36,44,45,39,1등,7 명,"3,435,045,108 원"
267,942,10,12,18,35,42,43,39,1등,6 명,"3,761,680,313 원"
268,941,12,14,25,27,39,40,35,1등,16 명,"1,347,297,422 원"
269,940,3,15,20,22,24,41,11,1등,8 명,"2,846,071,079 원"
270,939,4,11,28,39,42,45,6,1등,13 명,"1,708,363,039 원"
271,938,4,8,10,16,31,36,9,1등,10 명,"2,249,466,563 원"
272,937,2,10,13,22,29,40,26,1등,11 명,"2,058,420,819 원"
273,936,7,11,13,17,18,29,43,1등,14 명,"1,492,069,179 원"
274,935,4,10,20,32,38,44,18,1등,13 명,"1,711,055,424 원"
275,934,1,3,30,33,36,39,12,1등,4 명,"5,765,772,844 원"
276,933,23,27,29,31,36,45,37,1등,8 명,"2,927,797,079 원"
277,932,1,6,15,36,37,38,5,1등,7 명,"3,390,022,983 원"
278,931,14,15,23,25,35,43,32,1등,8 명,"2,957,108,063 원"
279,930,8,21,25,38,39,44,28,1등,8 명,"2,832,418,829 원"
280,929,7,9,12,15,19,23,4,1등,16 명,"1,308,035,157 원"
281,928,3,4,10,20,28,44,30,1등,7 명,"3,134,591,358 원"
282,927,4,15,22,38,41,43,26,1등,6 명,"3,714,203,875 원"
283,926,10,16,18,20,25,31,6,1등,10 명,"2,032,490,663 원"
284,925,13,24,32,34,39,42,4,1등,12 명,"1,771,080,532 원"
285,924,3,11,34,42,43,44,13,1등,9 명,"2,382,430,667 원"
286,923,3,17,18,23,36,41,26,1등,8 명,"2,667,554,625 원"
287,922,2,6,13,17,27,43,36,1등,6 명,"3,417,904,500 원"
288,921,5,7,12,22,28,41,1,1등,17 명,"1,232,573,405 원"
289,920,2,3,26,33,34,43,29,1등,7 명,"3,120,260,197 원"
290,919,9,14,17,18,42,44,35,1등,5 명,"4,305,150,450 원"
291,918,7,11,12,31,33,38,5,1등,18 명,"1,117,622,646 원"
292,917,1,3,23,24,27,43,34,1등,10 명,"2,144,799,638 원"
293,916,6,21,22,32,35,36,17,1등,11 명,"2,025,384,341 원"
294,915,2,6,11,13,22,37,14,1등,6 명,"3,518,640,500 원"
295,914,16,19,24,33,42,44,27,1등,11 명,"1,950,005,557 원"
296,913,6,14,16,21,27,37,40,1등,16 명,"1,338,755,602 원"
297,912,5,8,18,21,22,38,10,1등,14 명,"1,493,500,581 원"
298,911,4,5,12,14,32,42,35,1등,10 명,"2,113,538,625 원"
299,910,1,11,17,27,35,39,31,1등,21 명,"941,316,375 원"
300,909,7,24,29,30,34,35,33,1등,11 명,"2,021,062,875 원"
301,908,3,16,21,22,23,44,30,1등,8 명,"2,834,856,141 원"
302,907,21,27,29,38,40,44,37,1등,7 명,"3,165,059,036 원"
303,906,2,5,14,28,31,32,20,1등,9 명,"2,472,607,250 원"
304,905,3,4,16,27,38,40,20,1등,7 명,"3,017,862,536 원"
305,904,2,6,8,26,43,45,11,1등,8 명,"2,718,077,813 원"
306,903,2,15,16,21,22,28,45,1등,13 명,"1,684,582,212 원"
307,902,7,19,23,24,36,39,30,1등,13 명,"1,619,317,529 원"
308,901,5,18,20,23,30,34,21,1등,9 명,"2,267,974,667 원"
309,900,7,13,16,18,35,38,14,1등,6 명,"3,349,851,375 원"
310,899,8,19,20,21,33,39,37,1등,6 명,"3,359,356,063 원"
311,898,18,21,28,35,37,42,17,1등,8 명,"2,639,313,235 원"
312,897,6,7,12,22,26,36,29,1등,13 명,"1,619,922,520 원"
313,896,5,12,25,26,38,45,23,1등,7 명,"3,053,222,036 원"
314,895,16,26,31,38,39,41,23,1등,12 명,"1,928,079,219 원"
315,894,19,32,37,40,41,43,45,1등,9 명,"2,377,935,959 원"
316,893,1,15,17,23,25,41,10,1등,9 명,"2,377,433,625 원"
317,892,4,9,17,18,26,42,36,1등,17 명,"1,282,017,464 원"
318,891,9,13,28,31,39,41,19,1등,7 명,"3,082,673,947 원"
319,890,1,4,14,18,29,37,6,1등,9 명,"2,335,486,167 원"
320,889,3,13,29,38,39,42,26,1등,10 명,"2,108,986,950 원"
321,888,3,7,12,31,34,38,32,1등,8 명,"2,370,359,204 원"
322,887,8,14,17,27,36,45,10,1등,8 명,"2,535,268,688 원"
323,886,19,23,28,37,42,45,2,1등,7 명,"2,974,643,786 원"
324,885,1,3,24,27,39,45,31,1등,13 명,"1,543,832,568 원"
325,884,4,14,23,28,37,45,17,1등,12 명,"1,799,077,282 원"
326,883,9,18,32,33,37,44,22,1등,15 명,"1,360,519,525 원"
327,882,18,34,39,43,44,45,23,1등,5 명,"4,127,270,400 원"
328,881,4,18,20,26,27,32,9,1등,8 명,"2,503,212,282 원"
329,880,7,17,19,23,24,45,38,1등,7 명,"2,837,810,465 원"
330,879,1,4,10,14,15,35,20,1등,6 명,"3,206,361,313 원"
331,878,2,6,11,16,25,31,3,1등,6 명,"3,207,993,500 원"
332,877,5,17,18,22,23,43,12,1등,12 명,"1,716,607,188 원"
333,876,5,16,21,26,34,42,24,1등,19 명,"1,090,657,856 원"
334,875,19,22,30,34,39,44,36,1등,14 명,"1,415,946,724 원"
335,874,1,15,19,23,28,42,32,1등,18 명,"1,117,123,917 원"
336,873,3,5,12,13,33,39,38,1등,10 명,"1,874,553,225 원"
337,872,2,4,30,32,33,43,29,1등,16 명,"1,262,705,579 원"
338,871,2,6,12,26,30,34,38,1등,7 명,"2,718,071,358 원"
339,870,21,25,30,32,40,42,31,1등,10 명,"1,928,842,988 원"
340,869,2,6,20,27,37,39,4,1등,10 명,"1,922,582,588 원"
341,868,12,17,28,41,43,44,25,1등,6 명,"3,233,804,250 원"
342,867,14,17,19,22,24,40,41,1등,5 명,"3,933,755,250 원"
343,866,9,15,29,34,37,39,12,1등,9 명,"2,240,409,000 원"
344,865,3,15,22,32,33,45,2,1등,13 명,"1,551,729,145 원"
345,864,3,7,10,13,25,36,32,1등,11 명,"1,716,553,637 원"
346,863,16,21,28,35,39,43,12,1등,7 명,"2,853,357,322 원"
347,862,10,34,38,40,42,43,32,1등,9 명,"2,190,922,709 원"
348,861,11,17,19,21,22,25,24,1등,4 명,"4,872,108,844 원"
349,860,4,8,18,25,27,32,42,1등,10 명,"1,879,899,825 원"
350,859,8,22,35,38,39,41,24,1등,11 명,"1,853,927,489 원"
351,858,9,13,32,38,39,43,23,1등,9 명,"2,202,347,459 원"
352,857,6,10,16,28,34,38,43,1등,15 명,"1,284,915,425 원"
353,856,10,24,40,41,43,44,17,1등,5 명,"3,977,927,550 원"
354,855,8,15,17,19,43,44,7,1등,9 명,"2,269,510,500 원"
355,854,20,25,31,32,36,43,3,1등,6 명,"3,421,706,750 원"
356,853,2,8,23,26,27,44,13,1등,7 명,"2,885,006,786 원"
357,852,11,17,28,30,33,35,9,1등,4 명,"4,801,543,407 원"
358,851,14,18,22,26,31,44,40,1등,8 명,"2,483,692,313 원"
359,850,16,20,24,28,36,39,5,1등,6 명,"3,377,587,875 원"
360,849,5,13,17,29,34,39,3,1등,17 명,"1,158,252,883 원"
361,848,1,2,16,22,38,39,34,1등,7 명,"3,011,580,858 원"
362,847,12,16,26,28,30,42,22,1등,8 명,"2,520,846,657 원"
363,846,5,18,30,41,43,45,13,1등,13 명,"1,596,884,395 원"
364,845,1,16,29,33,40,45,6,1등,11 명,"1,891,217,182 원"
365,844,7,8,13,15,33,45,18,1등,18 명,"1,162,963,542 원"
366,843,19,21,30,33,34,42,4,1등,5 명,"4,012,970,100 원"
367,842,14,26,32,36,39,42,38,1등,10 명,"2,035,475,025 원"
368,841,5,11,14,30,33,38,24,1등,17 명,"1,116,095,714 원"
369,840,2,4,11,28,29,43,27,1등,10 명,"2,042,961,788 원"
370,839,3,9,11,12,13,19,35,1등,13 명,"1,359,454,904 원"
371,838,9,14,17,33,36,38,20,1등,5 명,"3,813,733,050 원"
372,837,2,25,28,30,33,45,6,1등,6 명,"3,144,449,125 원"
373,836,1,9,11,14,26,28,19,1등,14 명,"1,257,843,670 원"
374,835,9,10,13,28,38,45,35,1등,15 명,"1,233,681,125 원"
375,834,6,8,18,35,42,43,3,1등,11 명,"1,690,693,671 원"
376,833,12,18,30,39,41,42,19,1등,8 명,"2,356,317,282 원"
377,832,13,14,19,26,40,43,30,1등,9 명,"2,088,204,584 원"
378,831,3,10,16,19,31,39,9,1등,16 명,"1,110,702,258 원"
379,830,5,6,16,18,37,38,17,1등,9 명,"2,060,528,750 원"
380,829,4,5,31,35,43,45,29,1등,8 명,"2,444,650,641 원"
381,828,4,7,13,29,31,39,18,1등,13 명,"1,455,185,972 원"
382,827,5,11,12,29,33,44,14,1등,15 명,"1,206,500,375 원"
383,826,13,16,24,25,33,36,42,1등,9 명,"2,075,192,084 원"
384,825,8,15,21,31,33,38,42,1등,12 명,"1,658,710,563 원"
385,824,7,9,24,29,34,38,26,1등,15 명,"1,256,646,550 원"
386,823,12,18,24,26,39,40,15,1등,9 명,"2,009,843,917 원"
387,822,9,18,20,24,27,36,12,1등,3 명,"5,930,898,625 원"
388,821,1,12,13,24,29,44,16,1등,14 명,"1,316,155,956 원"
389,820,10,21,22,30,35,42,6,1등,4 명,"4,627,313,532 원"
390,819,16,25,33,38,40,45,15,1등,7 명,"2,594,534,840 원"
391,818,14,15,25,28,29,30,3,1등,13 명,"1,380,804,318 원"
392,817,3,9,12,13,25,43,34,1등,9 명,"1,868,477,334 원"
393,816,12,18,19,29,31,39,7,1등,8 명,"2,128,107,938 원"
394,815,17,21,25,26,27,36,4,1등,7 명,"2,579,855,358 원"
395,814,2,21,28,38,42,45,30,1등,6 명,"3,067,192,063 원"
396,813,11,30,34,35,42,44,27,1등,4 명,"4,591,763,157 원"
397,812,1,3,12,14,16,43,10,1등,6 명,"2,947,954,750 원"
398,811,8,11,19,21,36,45,25,1등,7 명,"2,524,148,197 원"
399,810,5,10,13,21,39,43,11,1등,8 명,"2,231,598,047 원"
400,809,6,11,15,17,23,40,39,1등,6 명,"2,921,372,750 원"
401,808,15,21,31,32,41,43,24,1등,6 명,"3,087,620,500 원"
402,807,6,10,18,25,34,35,33,1등,7 명,"2,437,662,322 원"
403,806,14,20,23,31,37,38,27,1등,7 명,"2,640,760,875 원"
404,805,3,12,13,18,31,32,42,1등,4 명,"4,266,061,969 원"
405,804,1,10,13,26,32,36,9,1등,11 명,"1,631,996,523 원"
406,803,5,9,14,26,30,43,2,1등,5 명,"3,663,810,225 원"
407,802,10,11,12,18,24,42,27,1등,16 명,"1,082,947,993 원"
408,801,17,25,28,37,43,44,2,1등,8 명,"2,256,786,657 원"
409,800,1,4,10,12,28,45,26,1등,11 명,"1,632,246,205 원"
410,799,12,17,23,34,42,45,33,1등,10 명,"1,826,427,225 원"
411,798,2,10,14,22,32,36,41,1등,7 명,"2,710,791,911 원"
412,797,5,22,31,32,39,45,36,1등,8 명,"2,397,028,125 원"
413,796,1,21,26,36,40,41,5,1등,7 명,"2,763,490,340 원"
414,795,3,10,13,26,34,38,36,1등,11 명,"1,714,977,000 원"
415,794,6,7,18,19,30,38,13,1등,7 명,"2,650,940,304 원"
416,793,10,15,21,35,38,43,31,1등,5 명,"3,750,146,775 원"
417,792,2,7,19,25,29,36,16,1등,7 명,"2,655,736,768 원"
418,791,2,10,12,31,33,42,32,1등,14 명,"1,253,081,893 원"
419,790,3,8,19,27,30,41,12,1등,16 명,"1,160,516,274 원"
420,789,2,6,7,12,19,45,38,1등,15 명,"1,140,976,825 원"
421,788,2,10,11,19,35,39,29,1등,13 명,"1,401,475,154 원"
422,787,5,6,13,16,27,28,9,1등,6 명,"3,092,108,313 원"
423,786,12,15,16,20,24,30,38,1등,4 명,"4,551,365,250 원"
424,785,4,6,15,25,26,33,40,1등,6 명,"2,886,622,688 원"
425,784,3,10,23,24,31,39,22,1등,9 명,"1,908,678,000 원"
426,783,14,15,16,17,38,45,36,1등,4 명,"4,603,964,625 원"
427,782,6,18,31,34,38,45,20,1등,9 명,"1,946,487,625 원"
428,781,11,16,18,19,24,39,43,1등,9 명,"1,882,891,542 원"
429,780,15,17,19,21,27,45,16,1등,11 명,"1,667,520,137 원"
430,779,6,12,19,24,34,41,4,1등,11 명,"1,527,709,296 원"
431,778,6,21,35,36,37,41,11,1등,3 명,"6,264,069,500 원"
432,777,6,12,17,21,34,37,18,1등,21 명,"833,468,036 원"
433,776,8,9,18,21,28,40,20,1등,7 명,"2,557,579,393 원"
434,775,11,12,29,33,38,42,17,1등,5 명,"3,470,437,650 원"
435,774,12,15,18,28,34,42,9,1등,11 명,"1,709,721,512 원"
436,773,8,12,19,21,31,35,44,1등,11 명,"1,609,403,080 원"
437,772,5,6,11,14,21,41,32,1등,10 명,"1,769,608,838 원"
438,771,6,10,17,18,21,29,30,1등,4 명,"4,362,644,907 원"
439,770,1,9,12,23,39,43,34,1등,8 명,"2,163,099,329 원"
440,769,5,7,11,16,41,45,4,1등,9 명,"1,930,760,042 원"
441,768,7,27,29,30,38,44,4,1등,13 명,"1,363,572,260 원"
442,767,5,15,20,31,34,42,22,1등,15 명,"1,163,768,725 원"
443,766,9,30,34,35,39,41,21,1등,8 명,"2,173,637,297 원"
444,765,1,3,8,12,42,43,33,1등,15 명,"1,109,214,250 원"
445,764,7,22,24,31,34,36,15,1등,7 명,"2,459,975,465 원"
446,763,3,8,16,32,34,43,10,1등,8 명,"2,138,130,000 원"
447,762,1,3,12,21,26,41,16,1등,10 명,"1,631,432,063 원"
448,761,4,7,11,24,42,45,30,1등,7 명,"2,392,730,518 원"
449,760,10,22,27,31,42,43,12,1등,8 명,"2,253,299,391 원"
450,759,9,33,36,40,42,43,32,1등,6 명,"3,032,670,500 원"
451,758,5,9,12,30,39,43,24,1등,8 명,"2,078,969,954 원"
452,757,6,7,11,17,33,44,1,1등,21 명,"739,839,858 원"
453,756,10,14,16,18,27,28,4,1등,5 명,"3,414,434,700 원"
454,755,13,14,26,28,30,36,37,1등,8 명,"2,214,427,266 원"
455,754,2,8,17,24,29,31,32,1등,5 명,"3,427,542,000 원"
456,753,2,17,19,24,37,41,3,1등,6 명,"2,711,105,063 원"
457,752,4,16,20,33,40,43,7,1등,9 명,"1,870,358,834 원"
458,751,3,4,16,20,28,44,17,1등,8 명,"2,097,968,110 원"
459,750,1,2,15,19,24,36,12,1등,7 명,"2,522,104,286 원"
460,749,12,14,24,26,34,45,41,1등,13 명,"1,350,104,395 원"
461,748,3,10,13,22,31,32,29,1등,9 명,"1,928,246,542 원"
462,747,7,9,12,14,23,28,17,1등,9 명,"1,903,214,584 원"
463,746,3,12,33,36,42,45,25,1등,9 명,"2,038,623,709 원"
464,745,1,2,3,9,12,23,10,1등,20 명,"746,822,982 원"
465,744,10,15,18,21,34,41,43,1등,15 명,"1,155,411,575 원"
466,743,15,19,21,34,41,44,10,1등,7 명,"2,608,641,000 원"
467,742,8,10,13,36,37,40,6,1등,16 명,"1,111,814,813 원"
468,741,5,21,27,34,44,45,16,1등,6 명,"3,043,595,938 원"
469,740,4,8,9,16,17,19,31,1등,18 명,"936,929,792 원"
470,739,7,22,29,33,34,35,30,1등,4 명,"4,744,122,282 원"
471,738,23,27,28,38,42,43,36,1등,11 명,"1,634,191,091 원"
472,737,13,15,18,24,27,41,11,1등,4 명,"4,283,061,000 원"
473,736,2,11,17,18,21,27,6,1등,5 명,"3,397,362,225 원"
474,735,5,10,13,27,37,41,4,1등,10 명,"1,847,231,588 원"
475,734,6,16,37,38,41,45,18,1등,9 명,"1,949,395,500 원"
476,733,11,24,32,33,35,40,13,1등,4 명,"4,016,725,125 원"
477,732,2,4,5,17,27,32,43,1등,7 명,"2,203,270,608 원"
478,731,2,7,13,25,42,45,39,1등,7 명,"2,340,471,054 원"
479,730,4,10,14,15,18,22,39,1등,8 명,"2,017,382,110 원"
480,729,11,17,21,26,36,45,16,1등,4 명,"4,198,250,719 원"
481,728,3,6,10,30,34,37,36,1등,5 명,"3,243,464,400 원"
482,727,7,8,10,19,21,31,20,1등,14 명,"1,115,107,742 원"
483,726,1,11,21,23,34,44,24,1등,14 명,"1,166,872,634 원"
484,725,6,7,19,21,41,43,38,1등,11 명,"1,579,217,250 원"
485,724,2,8,33,35,37,41,14,1등,12 명,"1,427,789,813 원"
486,723,20,30,33,35,36,44,22,1등,8 명,"2,114,365,360 원"
487,722,12,14,21,30,39,43,45,1등,4 명,"4,365,422,719 원"
488,721,1,28,35,41,43,44,31,1등,8 명,"2,273,767,360 원"
489,720,1,12,29,34,36,37,41,1등,14 명,"1,233,770,358 원"
490,719,4,8,13,19,20,43,26,1등,9 명,"1,879,581,334 원"
491,718,4,11,20,23,32,39,40,1등,17 명,"926,166,464 원"
492,717,2,11,19,25,28,32,44,1등,6 명,"2,702,433,688 원"
493,716,2,6,13,16,29,30,21,1등,12 명,"1,358,752,157 원"
494,715,2,7,27,33,41,44,10,1등,6 명,"2,605,510,438 원"
495,714,1,7,22,33,37,40,20,1등,7 명,"2,085,131,733 원"
496,713,2,5,15,18,19,23,44,1등,9 명,"1,714,720,917 원"
497,712,17,20,30,31,33,45,19,1등,4 명,"4,034,485,125 원"
498,711,11,15,24,35,37,45,42,1등,7 명,"2,277,413,358 원"
499,710,3,4,9,24,25,33,10,1등,5 명,"2,895,441,150 원"
500,709,10,18,30,36,39,44,32,1등,14 명,"1,165,271,625 원"
501,708,2,10,16,19,34,45,1,1등,4 명,"4,099,552,219 원"
502,707,2,12,19,24,39,44,35,1등,12 명,"1,322,167,313 원"
503,706,3,4,6,10,28,30,37,1등,4 명,"3,831,746,063 원"
504,705,1,6,17,22,28,45,23,1등,4 명,"3,987,206,532 원"
505,704,1,4,8,23,33,42,45,1등,4 명,"3,865,190,344 원"
506,703,10,28,31,33,41,44,21,1등,5 명,"3,235,784,100 원"
507,702,3,13,16,24,26,29,9,1등,11 명,"1,465,091,387 원"
508,701,3,10,14,16,36,38,35,1등,10 명,"1,583,183,175 원"
509,700,11,23,28,29,30,44,13,1등,8 명,"2,082,099,188 원"
510,699,4,5,8,16,21,29,3,1등,8 명,"1,995,411,375 원"
511,698,3,11,13,21,33,37,18,1등,8 명,"1,921,084,125 원"
512,697,2,5,8,11,33,39,31,1등,10 명,"1,531,443,038 원"
513,696,1,7,16,18,34,38,21,1등,10 명,"1,632,054,413 원"
514,695,4,18,26,33,34,38,14,1등,11 명,"1,450,214,830 원"
515,694,7,15,20,25,33,43,12,1등,10 명,"1,555,036,388 원"
516,693,1,6,11,28,34,42,30,1등,10 명,"1,642,763,813 원"
517,692,3,11,14,15,32,36,44,1등,7 명,"2,301,273,697 원"
518,691,15,27,33,35,43,45,16,1등,6 명,"2,839,296,750 원"
519,690,24,25,33,34,38,39,43,1등,15 명,"1,126,507,625 원"
520,689,7,17,19,30,36,38,34,1등,7 명,"2,321,775,911 원"
521,688,5,15,22,23,34,35,2,1등,9 명,"1,967,536,750 원"
522,687,1,8,10,13,28,42,45,1등,6 명,"2,720,029,313 원"
523,686,7,12,15,24,25,43,13,1등,8 명,"1,937,531,719 원"
524,685,6,7,12,28,38,40,18,1등,11 명,"1,494,367,671 원"
525,684,1,11,15,17,25,39,40,1등,9 명,"1,688,815,709 원"
526,683,6,13,20,27,28,40,15,1등,16 명,"1,010,930,883 원"
527,682,17,23,27,35,38,43,2,1등,4 명,"4,063,713,563 원"
528,681,21,24,27,29,43,44,7,1등,6 명,"2,696,328,938 원"
529,680,4,10,19,29,32,42,30,1등,14 명,"1,110,570,563 원"
530,679,3,5,7,14,26,34,35,1등,5 명,"2,863,005,600 원"
531,678,4,5,6,12,25,37,45,1등,6 명,"2,288,490,188 원"
532,677,12,15,24,36,41,44,42,1등,8 명,"1,921,114,407 원"
533,676,1,8,17,34,39,45,27,1등,8 명,"1,879,726,500 원"
534,675,1,8,11,15,18,45,7,1등,4 명,"3,514,549,032 원"
535,674,9,10,14,25,27,31,11,1등,8 명,"1,770,565,500 원"
536,673,7,10,17,29,33,44,5,1등,10 명,"1,491,453,300 원"
537,672,8,21,28,31,36,45,43,1등,9 명,"1,754,745,000 원"
538,671,7,9,10,13,31,35,24,1등,4 명,"3,722,322,844 원"
539,670,11,18,26,27,40,41,25,1등,12 명,"1,191,725,219 원"
540,669,7,8,20,29,33,38,9,1등,6 명,"2,708,173,188 원"
541,668,12,14,15,24,27,32,3,1등,5 명,"2,991,158,625 원"
542,667,15,17,25,37,42,43,13,1등,7 명,"2,228,764,393 원"
543,666,2,4,6,11,17,28,16,1등,6 명,"2,396,901,063 원"
544,665,5,6,11,17,38,44,13,1등,4 명,"3,643,230,375 원"
545,664,10,20,33,36,41,44,5,1등,10 명,"1,536,801,338 원"
546,663,3,5,8,19,38,42,20,1등,7 명,"2,080,244,143 원"
547,662,5,6,9,11,15,37,26,1등,8 명,"1,689,733,688 원"
548,661,2,3,12,20,27,38,40,1등,8 명,"1,713,025,547 원"
549,660,4,9,23,33,39,44,14,1등,10 명,"1,421,272,575 원"
550,659,7,18,19,27,29,42,45,1등,11 명,"1,336,604,216 원"
551,658,8,19,25,28,32,36,37,1등,9 명,"1,634,031,375 원"
552,657,10,14,19,39,40,43,23,1등,9 명,"1,694,762,792 원"
553,656,3,7,14,16,31,40,39,1등,2 명,"7,330,002,750 원"
554,655,7,37,38,39,40,44,18,1등,9 명,"1,661,439,625 원"
555,654,16,21,26,31,36,43,6,1등,8 명,"1,879,301,391 원"
556,653,5,6,26,27,38,39,1,1등,14 명,"980,958,670 원"
557,652,3,13,15,40,41,44,20,1등,5 명,"3,003,483,525 원"
558,651,11,12,16,26,29,44,18,1등,8 명,"1,855,306,454 원"
559,650,3,4,7,11,31,41,35,1등,5 명,"2,849,298,900 원"
560,649,3,21,22,33,41,42,20,1등,5 명,"2,948,042,100 원"
561,648,13,19,28,37,38,43,4,1등,7 명,"2,120,987,947 원"
562,647,5,16,21,23,24,30,29,1등,7 명,"2,189,725,608 원"
563,646,2,9,24,41,43,45,30,1등,7 명,"2,215,498,393 원"
564,645,1,4,16,26,40,41,31,1등,4 명,"3,696,297,750 원"
565,644,5,13,17,23,28,36,8,1등,8 명,"1,831,451,204 원"
566,643,15,24,31,32,33,40,13,1등,6 명,"2,535,763,625 원"
567,642,8,17,18,24,39,45,32,1등,12 명,"1,251,460,438 원"
568,641,11,18,21,36,37,43,12,1등,8 명,"1,990,074,563 원"
569,640,14,15,18,21,26,35,23,1등,9 명,"1,728,768,834 원"
570,639,6,15,22,23,25,32,40,1등,4 명,"4,061,185,219 원"
571,638,7,18,22,24,31,34,6,1등,7 명,"2,229,403,179 원"
572,637,3,16,22,37,38,44,23,1등,4 명,"3,899,241,094 원"
573,636,6,7,15,16,20,31,26,1등,8 명,"1,832,362,219 원"
574,635,11,13,25,26,29,33,32,1등,8 명,"1,855,587,235 원"
575,634,4,10,11,12,20,27,38,1등,13 명,"1,077,935,106 원"
576,633,9,12,19,20,39,41,13,1등,12 명,"1,217,257,094 원"
577,632,15,18,21,32,35,44,6,1등,11 명,"1,432,587,716 원"
578,631,1,2,4,23,31,34,8,1등,4 명,"3,919,853,532 원"
579,630,8,17,21,24,27,31,15,1등,3 명,"4,836,305,500 원"
580,629,19,28,31,38,43,44,1,1등,5 명,"2,919,433,575 원"
581,628,1,7,12,15,23,42,11,1등,9 명,"1,499,942,875 원"
582,627,2,9,22,25,31,45,12,1등,10 명,"1,352,230,650 원"
583,626,13,14,26,33,40,43,15,1등,8 명,"1,717,871,110 원"
584,625,3,6,7,20,21,39,13,1등,5 명,"2,765,184,675 원"
585,624,1,7,19,26,27,35,16,1등,5 명,"2,763,729,450 원"
586,623,7,13,30,39,41,45,25,1등,8 명,"1,813,702,594 원"
587,622,9,15,16,21,28,34,24,1등,9 명,"1,630,598,292 원"
588,621,1,2,6,16,19,42,9,1등,6 명,"2,359,723,500 원"
589,620,2,16,17,32,39,45,40,1등,7 명,"2,028,283,233 원"
590,619,6,8,13,30,35,40,21,1등,3 명,"4,612,479,375 원"
591,618,8,16,25,30,42,43,15,1등,5 명,"2,881,326,225 원"
592,617,4,5,11,12,24,27,28,1등,8 명,"1,629,701,860 원"
593,616,5,13,18,23,40,45,3,1등,9 명,"1,611,811,250 원"
594,615,10,17,18,19,23,27,35,1등,9 명,"1,535,062,417 원"
595,614,8,21,25,39,40,44,18,1등,6 명,"2,540,975,438 원"
596,613,7,8,11,16,41,44,35,1등,9 명,"1,549,831,209 원"
597,612,6,9,18,19,25,33,40,1등,11 명,"1,181,705,250 원"
598,611,2,22,27,33,36,37,14,1등,4 명,"3,502,706,157 원"
599,610,14,18,20,23,28,36,33,1등,4 명,"3,516,018,375 원"
600,609,4,8,27,34,39,40,13,1등,2 명,"6,339,311,438 원"
601,608,4,8,18,19,39,44,41,1등,7 명,"1,943,530,018 원"
602,607,8,14,23,36,38,39,13,1등,4 명,"3,494,480,907 원"
603,606,1,5,6,14,20,39,22,1등,10 명,"1,311,566,850 원"
604,605,1,2,7,9,10,38,42,1등,9 명,"1,394,232,250 원"
605,604,2,6,18,21,33,34,30,1등,11 명,"1,229,141,557 원"
606,603,2,19,25,26,27,43,28,1등,4 명,"3,452,136,563 원"
607,602,13,14,22,27,30,38,2,1등,8 명,"1,689,530,860 원"
608,601,2,16,19,31,34,35,37,1등,9 명,"1,524,565,209 원"
609,600,5,11,14,27,29,36,44,1등,15 명,"901,798,725 원"
610,599,5,12,17,29,34,35,27,1등,8 명,"1,710,918,329 원"
611,598,4,12,24,33,38,45,22,1등,16 명,"833,998,594 원"
612,597,8,10,23,24,35,43,37,1등,13 명,"1,057,920,606 원"
613,596,3,4,12,14,25,43,17,1등,10 명,"1,328,267,663 원"
614,595,8,24,28,35,38,40,5,1등,8 명,"1,744,525,219 원"
615,594,2,8,13,25,28,37,3,1등,11 명,"1,255,592,796 원"
616,593,9,10,13,24,33,38,28,1등,9 명,"1,532,833,500 원"
617,592,2,5,6,13,28,44,43,1등,6 명,"2,356,381,688 원"
618,591,8,13,14,30,38,39,5,1등,5 명,"2,964,676,200 원"
619,590,20,30,36,38,41,45,23,1등,7 명,"2,185,183,983 원"
620,589,6,8,28,33,38,39,22,1등,7 명,"2,136,877,983 원"
621,588,2,8,15,22,25,41,30,1등,5 명,"2,889,342,075 원"
622,587,14,21,29,31,32,37,17,1등,3 명,"4,974,577,375 원"
623,586,2,7,12,15,21,34,5,1등,8 명,"1,778,354,344 원"
624,585,6,7,10,16,38,41,4,1등,9 명,"1,620,546,334 원"
625,584,7,18,30,39,40,41,36,1등,3 명,"5,033,183,250 원"
626,583,8,17,27,33,40,44,24,1등,11 명,"1,341,848,353 원"
627,582,2,12,14,33,40,41,25,1등,4 명,"3,560,558,719 원"
628,581,3,5,14,20,42,44,33,1등,8 명,"1,844,554,547 원"
629,580,5,7,9,11,32,35,33,1등,7 명,"2,028,610,500 원"
630,579,5,7,20,22,37,42,39,1등,11 명,"1,396,068,444 원"
631,578,5,12,14,32,34,42,16,1등,5 명,"2,796,466,575 원"
632,577,16,17,22,31,34,37,33,1등,3 명,"4,484,438,375 원"
633,576,10,11,15,25,35,41,13,1등,3 명,"4,321,966,000 원"
634,575,2,8,20,30,33,34,6,1등,8 명,"1,699,267,875 원"
635,574,14,15,16,19,25,43,2,1등,2 명,"6,965,184,938 원"
636,573,2,4,20,34,35,43,14,1등,8 명,"1,645,691,766 원"
637,572,3,13,18,33,37,45,1,1등,8 명,"1,668,216,188 원"
638,571,11,18,21,26,38,43,29,1등,7 명,"1,966,538,465 원"
639,570,1,12,26,27,29,33,42,1등,9 명,"1,527,791,625 원"
640,569,3,6,13,23,24,35,1,1등,4 명,"3,467,925,188 원"
641,568,1,3,17,20,31,44,40,1등,10 명,"1,305,167,550 원"
642,567,1,10,15,16,32,41,28,1등,6 명,"2,318,659,438 원"
643,566,4,5,6,25,26,43,41,1등,4 명,"3,508,951,032 원"
644,565,4,10,18,27,40,45,38,1등,8 명,"1,742,064,469 원"
645,564,14,19,25,26,27,34,2,1등,7 명,"1,934,801,143 원"
646,563,5,10,16,17,31,32,21,1등,7 명,"1,932,735,643 원"
647,562,4,11,13,17,20,31,33,1등,11 명,"1,166,694,614 원"
648,561,5,7,18,37,42,45,20,1등,5 명,"2,753,712,225 원"
649,560,1,4,20,23,29,45,28,1등,7 명,"1,976,697,215 원"
650,559,11,12,25,32,44,45,23,1등,7 명,"1,926,145,608 원"
651,558,12,15,19,26,40,43,29,1등,10 명,"1,315,913,663 원"
652,557,4,20,26,28,35,40,31,1등,7 명,"1,888,069,286 원"
653,556,12,20,23,28,30,44,43,1등,7 명,"2,005,209,161 원"
654,555,11,17,21,24,26,36,12,1등,8 명,"1,711,027,360 원"
655,554,13,14,17,32,41,42,6,1등,2 명,"6,813,893,625 원"
656,553,2,7,17,28,29,39,37,1등,6 명,"2,249,631,438 원"
657,552,1,10,20,32,35,40,43,1등,10 명,"1,330,824,225 원"
658,551,3,6,20,24,27,44,25,1등,1 명,"13,526,973,750 원"
659,550,1,7,14,20,34,37,41,1등,11 명,"1,118,679,205 원"
660,549,29,31,35,38,40,44,17,1등,8 명,"1,760,805,047 원"
661,548,1,12,13,21,32,45,14,1등,8 명,"1,736,871,891 원"
662,547,6,7,15,22,34,39,28,1등,5 명,"2,838,444,450 원"
663,546,8,17,20,27,37,43,6,1등,30 명,"405,939,950 원"
664,545,4,24,25,27,34,35,2,1등,11 명,"1,198,994,353 원"
665,544,5,17,21,25,36,44,10,1등,13 명,"1,046,388,433 원"
666,543,13,18,26,31,34,44,12,1등,12 명,"1,112,934,844 원"
667,542,5,6,19,26,41,45,34,1등,6 명,"2,335,152,563 원"
668,541,8,13,26,28,32,34,43,1등,11 명,"1,269,327,171 원"
669,540,3,12,13,15,34,36,14,1등,7 명,"1,989,365,250 원"
670,539,3,19,22,31,42,43,26,1등,9 명,"1,621,036,667 원"
671,538,6,10,18,31,32,34,11,1등,3 명,"4,688,021,625 원"
672,537,12,23,26,30,36,43,11,1등,7 명,"2,104,038,911 원"
673,536,7,8,18,32,37,43,12,1등,11 명,"1,308,523,603 원"
674,535,11,12,14,15,18,39,34,1등,3 명,"4,935,603,000 원"
675,534,10,24,26,29,37,38,32,1등,1 명,"14,215,763,250 원"
676,533,9,14,15,17,31,33,23,1등,8 명,"1,785,671,579 원"
677,532,16,17,23,24,29,44,3,1등,7 명,"2,216,896,286 원"
678,531,1,5,9,21,27,35,45,1등,9 명,"1,521,519,750 원"
679,530,16,23,27,29,33,41,22,1등,11 명,"1,231,656,239 원"
680,529,18,20,24,27,31,42,39,1등,8 명,"1,749,114,797 원"
681,528,5,17,25,31,39,40,10,1등,11 명,"1,197,889,125 원"
682,527,1,12,22,32,33,42,38,1등,13 명,"1,032,386,366 원"
683,526,7,14,17,20,35,39,31,1등,9 명,"1,491,031,959 원"
684,525,11,23,26,29,39,44,22,1등,9 명,"1,501,132,375 원"
685,524,10,11,29,38,41,45,21,1등,4 명,"3,491,695,594 원"
686,523,1,4,37,38,40,45,7,1등,7 명,"1,780,355,840 원"
687,522,4,5,13,14,37,41,11,1등,6 명,"2,281,623,000 원"
688,521,3,7,18,29,32,36,19,1등,8 명,"1,693,420,922 원"
689,520,4,22,27,28,38,40,1,1등,6 명,"2,167,205,438 원"
690,519,6,8,13,16,30,43,3,1등,7 명,"1,950,601,393 원"
691,518,14,23,30,32,34,38,6,1등,6 명,"2,263,804,125 원"
692,517,1,9,12,28,36,41,10,1등,5 명,"2,659,057,725 원"
693,516,2,8,23,41,43,44,30,1등,11 명,"1,294,190,182 원"
694,515,2,11,12,15,23,37,8,1등,1 명,"13,200,466,875 원"
695,514,1,15,20,26,35,42,9,1등,3 명,"4,451,055,500 원"
696,513,5,8,21,23,27,33,12,1등,3 명,"4,589,624,750 원"
697,512,4,5,9,13,26,27,1,1등,13 명,"940,094,452 원"
698,511,3,7,14,23,26,42,24,1등,6 명,"2,165,579,250 원"
699,510,12,29,32,33,39,40,42,1등,5 명,"2,644,158,150 원"
700,509,12,25,29,35,42,43,24,1등,5 명,"2,689,076,100 원"
701,508,5,27,31,34,35,43,37,1등,8 명,"1,599,557,860 원"
702,507,12,13,32,33,40,41,4,1등,9 명,"1,416,438,875 원"
703,506,6,9,11,22,24,30,31,1등,3 명,"4,073,333,875 원"
704,505,7,20,22,25,38,40,44,1등,6 명,"1,917,955,188 원"
705,504,6,14,22,26,43,44,31,1등,9 명,"1,443,236,959 원"
706,503,1,5,27,30,34,36,40,1등,7 명,"1,853,634,911 원"
707,502,6,22,28,32,34,40,26,1등,6 명,"2,201,458,125 원"
708,501,1,4,10,17,31,42,2,1등,4 명,"3,025,200,094 원"
709,500,3,4,12,20,24,34,41,1등,9 명,"1,351,072,375 원"
710,499,5,20,23,27,35,40,43,1등,3 명,"4,070,480,250 원"
711,498,13,14,24,32,39,41,3,1등,4 명,"3,244,503,094 원"
712,497,19,20,23,24,43,44,13,1등,6 명,"2,222,817,813 원"
713,496,4,13,20,29,36,41,39,1등,4 명,"3,285,932,250 원"
714,495,4,13,22,27,34,44,6,1등,6 명,"2,111,645,000 원"
715,494,5,7,8,15,30,43,22,1등,12 명,"1,054,588,407 원"
716,493,20,22,26,33,36,37,25,1등,9 명,"1,451,120,334 원"
717,492,22,27,31,35,37,40,42,1등,5 명,"2,493,013,800 원"
718,491,8,17,35,36,39,42,4,1등,4 명,"3,304,634,438 원"
719,490,2,7,26,29,40,43,42,1등,7 명,"1,860,234,161 원"
720,489,2,4,8,15,20,27,11,1등,6 명,"2,106,360,625 원"
721,488,2,8,17,30,31,38,25,1등,10 명,"1,330,393,575 원"
722,487,4,8,25,27,37,41,21,1등,8 명,"1,638,830,766 원"
723,486,1,2,23,25,38,40,43,1등,13 명,"1,008,634,125 원"
724,485,17,22,26,27,36,39,20,1등,9 명,"1,501,474,917 원"
725,484,1,3,27,28,32,45,11,1등,6 명,"2,305,303,063 원"
726,483,12,15,19,22,28,34,5,1등,5 명,"2,567,196,675 원"
727,482,1,10,16,24,25,35,43,1등,7 명,"1,897,921,179 원"
728,481,3,4,23,29,40,41,20,1등,3 명,"4,639,355,750 원"
729,480,3,5,10,17,30,31,16,1등,4 명,"2,996,742,282 원"
730,479,8,23,25,27,35,44,24,1등,6 명,"2,233,046,500 원"
731,478,18,29,30,37,39,43,8,1등,14 명,"987,224,759 원"
732,477,14,25,29,32,33,45,37,1등,8 명,"1,919,011,829 원"
733,476,9,12,13,15,37,38,27,1등,4 명,"3,439,851,469 원"
734,475,1,9,14,16,21,29,3,1등,8 명,"1,693,923,047 원"
735,474,4,13,18,31,33,45,43,1등,15 명,"936,690,800 원"
736,473,8,13,20,22,23,36,34,1등,4 명,"3,250,418,063 원"
737,472,16,25,26,31,36,43,44,1등,7 명,"1,809,656,090 원"
738,471,6,13,29,37,39,41,43,1등,7 명,"1,939,332,858 원"
739,470,10,16,20,39,41,42,27,1등,3 명,"4,333,330,625 원"
740,469,4,21,22,34,37,38,33,1등,4 명,"3,330,131,250 원"
741,468,8,13,15,28,37,43,17,1등,9 명,"1,527,197,167 원"
742,467,2,12,14,17,24,40,39,1등,9 명,"1,435,441,084 원"
743,466,4,10,13,23,32,44,20,1등,9 명,"1,530,313,459 원"
744,465,1,8,11,13,22,38,31,1등,7 명,"1,923,662,893 원"
745,464,6,12,15,34,42,44,4,1등,13 명,"3,355,721,106 원"
746,463,23,29,31,33,34,44,40,1등,0 명,0 원
747,462,3,20,24,32,37,45,4,1등,8 명,"1,483,559,297 원"
748,461,11,18,26,31,37,40,43,1등,6 명,"1,948,674,875 원"
749,460,8,11,28,30,43,45,41,1등,4 명,"3,180,895,782 원"
750,459,4,6,10,14,25,40,12,1등,7 명,"1,655,842,233 원"
751,458,4,9,10,32,36,40,18,1등,8 명,"1,608,812,625 원"
752,457,8,10,18,23,27,40,33,1등,10 명,"1,159,902,825 원"
753,456,1,7,12,18,23,27,44,1등,7 명,"1,598,505,054 원"
754,455,4,19,20,26,30,35,24,1등,7 명,"1,635,711,483 원"
755,454,13,25,27,34,38,41,10,1등,7 명,"1,609,125,590 원"
756,453,12,24,33,38,40,42,30,1등,5 명,"2,262,732,375 원"
757,452,8,10,18,30,32,34,27,1등,9 명,"1,276,902,000 원"
758,451,12,15,20,24,30,38,29,1등,13 명,"882,138,952 원"
759,450,6,14,19,21,23,31,13,1등,6 명,"1,990,391,625 원"
760,449,3,10,20,26,35,43,36,1등,3 명,"4,059,715,250 원"
761,448,3,7,13,27,40,41,36,1등,3 명,"4,026,212,750 원"
762,447,2,7,8,9,17,33,34,1등,4 명,"2,657,941,125 원"
763,446,1,11,12,14,26,35,6,1등,3 명,"4,051,247,625 원"
764,445,13,20,21,30,39,45,32,1등,7 명,"1,791,683,036 원"
765,444,11,13,23,35,43,45,17,1등,3 명,"4,154,188,625 원"
766,443,4,6,10,19,20,44,14,1등,9 명,"1,327,597,584 원"
767,442,25,27,29,36,38,40,41,1등,9 명,"1,413,413,042 원"
768,441,1,23,28,30,34,35,9,1등,4 명,"3,170,417,063 원"
769,440,10,22,28,34,36,44,2,1등,6 명,"1,995,873,000 원"
770,439,17,20,30,31,37,40,25,1등,6 명,"1,900,077,375 원"
771,438,6,12,20,26,29,38,45,1등,9 명,"1,377,142,167 원"
772,437,11,16,29,38,41,44,21,1등,6 명,"2,096,245,438 원"
773,436,9,14,20,22,33,34,28,1등,8 명,"1,512,266,579 원"
774,435,8,16,26,30,38,45,42,1등,10 명,"1,287,550,013 원"
775,434,3,13,20,24,33,37,35,1등,8 명,"1,480,060,266 원"
776,433,19,23,29,33,35,43,27,1등,11 명,"1,182,294,410 원"
777,432,2,3,5,11,27,39,33,1등,5 명,"2,299,427,550 원"
778,431,18,22,25,31,38,45,6,1등,10 명,"1,268,434,013 원"
779,430,1,3,16,18,30,34,44,1등,8 명,"1,611,763,219 원"
780,429,3,23,28,34,39,42,16,1등,9 명,"1,485,904,709 원"
781,428,12,16,19,22,37,40,8,1등,9 명,"1,437,683,209 원"
782,427,6,7,15,24,28,30,21,1등,1 명,"12,571,445,625 원"
783,426,4,17,18,27,39,43,19,1등,4 명,"3,057,233,625 원"
784,425,8,10,14,27,33,38,3,1등,8 명,"1,534,833,000 원"
785,424,10,11,26,31,34,44,30,1등,10 명,"1,109,480,813 원"
786,423,1,17,27,28,29,40,5,1등,3 명,"3,896,153,875 원"
787,422,8,15,19,21,34,44,12,1등,6 명,"2,205,251,375 원"
788,421,6,11,26,27,28,44,30,1등,5 명,"2,321,144,325 원"
789,420,4,9,10,29,31,34,27,1등,8 명,"1,424,856,375 원"
790,419,2,11,13,14,28,30,7,1등,3 명,"3,796,490,750 원"
791,418,11,13,15,26,28,34,31,1등,8 명,"1,435,649,766 원"
792,417,4,5,14,20,22,43,44,1등,4 명,"2,818,329,938 원"
793,416,5,6,8,11,22,26,44,1등,10 명,"1,072,037,100 원"
794,415,7,17,20,26,30,40,24,1등,8 명,"1,334,182,407 원"
795,414,2,14,15,22,23,44,43,1등,1 명,"11,703,832,500 원"
796,413,2,9,15,23,34,40,3,1등,4 명,"2,814,673,500 원"
797,412,4,7,39,41,42,45,40,1등,7 명,"1,656,199,822 원"
798,411,11,14,22,35,37,39,5,1등,12 명,"953,227,563 원"
799,410,1,3,18,32,40,41,16,1등,9 명,"1,249,335,709 원"
800,409,6,9,21,31,32,40,38,1등,4 명,"2,896,989,750 원"
801,408,9,20,21,22,30,37,16,1등,5 명,"2,235,375,825 원"
802,407,6,7,13,16,24,25,1,1등,7 명,"1,649,707,286 원"
803,406,7,12,21,24,27,36,45,1등,5 명,"2,156,142,450 원"
804,405,1,2,10,25,26,44,4,1등,3 명,"3,543,878,000 원"
805,404,5,20,21,24,33,40,36,1등,3 명,"3,566,659,375 원"
806,403,10,14,22,24,28,37,26,1등,5 명,"2,122,396,875 원"
807,402,5,9,15,19,22,36,32,1등,4 명,"2,662,206,188 원"
808,401,6,12,18,31,38,43,9,1등,9 명,"1,168,214,792 원"
809,400,9,21,27,34,41,43,2,1등,4 명,"2,669,834,325 원"
810,399,1,2,9,17,19,42,20,1등,8 명,"1,276,854,975 원"
811,398,10,15,20,23,42,44,7,1등,4 명,"2,680,625,550 원"
812,397,12,13,17,22,25,33,8,1등,3 명,"3,499,519,700 원"
813,396,18,20,31,34,40,45,30,1등,2 명,"5,296,622,400 원"
814,395,11,15,20,26,31,35,7,1등,7 명,"1,534,635,000 원"
815,394,1,13,20,22,25,28,15,1등,1 명,"10,654,349,100 원"
816,393,9,16,28,40,41,43,21,1등,8 명,"1,362,003,975 원"
817,392,1,3,7,8,24,42,43,1등,6 명,"1,713,528,700 원"
818,391,10,11,18,22,28,39,30,1등,1 명,"10,508,749,800 원"
819,390,16,17,28,37,39,40,15,1등,1 명,"10,373,997,900 원"
820,389,7,16,18,20,23,26,3,1등,5 명,"2,119,027,020 원"
821,388,1,8,9,17,29,32,45,1등,4 명,"2,545,543,875 원"
822,387,1,26,31,34,40,43,20,1등,4 명,"2,675,533,500 원"
823,386,4,7,10,19,31,40,26,1등,10 명,"1,042,953,330 원"
824,385,7,12,19,21,29,32,9,1등,7 명,"1,542,032,700 원"
825,384,11,22,24,32,36,38,7,1등,3 명,"3,658,734,200 원"
826,383,4,15,28,33,37,40,25,1등,3 명,"3,596,522,100 원"
827,382,10,15,22,24,27,42,19,1등,6 명,"1,846,674,900 원"
828,381,1,5,10,12,16,20,11,1등,19 명,"565,738,895 원"
829,380,1,2,8,17,26,37,27,1등,4 명,"2,684,274,825 원"
830,379,6,10,22,31,35,40,19,1등,7 명,"1,598,999,786 원"
831,378,5,22,29,31,34,39,43,1등,5 명,"2,317,698,240 원"
832,377,6,22,29,37,43,45,23,1등,3 명,"3,912,085,400 원"
833,376,1,11,13,24,28,40,7,1등,6 명,"1,956,915,800 원"
834,375,4,8,19,25,27,45,7,1등,7 명,"1,581,284,058 원"
835,374,11,13,15,17,25,34,26,1등,2 명,"5,528,717,850 원"
836,373,15,26,37,42,43,45,9,1등,4 명,"2,791,801,125 원"
837,372,8,11,14,16,18,21,13,1등,9 명,"1,192,593,200 원"
838,371,7,9,15,26,27,42,18,1등,7 명,"1,524,130,543 원"
839,370,16,18,24,42,44,45,17,1등,7 명,"1,678,941,943 원"
840,369,17,20,35,36,41,43,21,1등,6 명,"1,842,177,750 원"
841,368,11,21,24,30,39,45,26,1등,7 명,"1,465,825,115 원"
842,367,3,22,25,29,32,44,19,1등,7 명,"1,581,736,586 원"
843,366,5,12,19,26,27,44,38,1등,2 명,"5,351,553,900 원"
844,365,5,15,21,25,26,30,31,1등,1 명,"10,697,716,800 원"
845,364,2,5,7,14,16,40,4,1등,4 명,"2,531,914,800 원"
846,363,11,12,14,21,32,38,6,1등,4 명,"2,615,910,600 원"
847,362,2,3,22,27,30,40,29,1등,6 명,"1,729,424,650 원"
848,361,5,10,16,24,27,35,33,1등,7 명,"1,473,115,115 원"
849,360,4,16,23,25,35,40,27,1등,3 명,"3,566,716,200 원"
850,359,1,10,19,20,24,40,23,1등,8 명,"1,286,712,600 원"
851,358,1,9,10,12,21,40,37,1등,3 명,"3,472,654,900 원"
852,357,10,14,18,21,36,37,5,1등,2 명,"5,313,394,350 원"
853,356,2,8,14,25,29,45,24,1등,9 명,"1,157,185,267 원"
854,355,5,8,29,30,35,44,38,1등,5 명,"2,145,424,800 원"
855,354,14,19,36,43,44,45,1,1등,5 명,"2,124,464,340 원"
856,353,11,16,19,22,29,36,26,1등,2 명,"5,290,838,250 원"
857,352,5,16,17,20,26,41,24,1등,6 명,"1,732,858,250 원"
858,351,5,25,27,29,34,36,33,1등,4 명,"2,583,357,150 원"
859,350,1,8,18,24,29,33,35,1등,9 명,"1,101,052,467 원"
860,349,5,13,14,20,24,25,36,1등,3 명,"3,353,209,000 원"
861,348,3,14,17,20,24,31,34,1등,3 명,"3,299,994,000 원"
862,347,3,8,13,27,32,42,10,1등,7 명,"1,456,624,286 원"
863,346,5,13,14,22,44,45,33,1등,5 명,"2,017,727,340 원"
864,345,15,20,23,29,39,42,2,1등,2 명,"5,203,577,550 원"
865,344,1,2,15,28,34,45,38,1등,7 명,"1,467,106,543 원"
866,343,1,10,17,29,31,43,15,1등,6 명,"1,717,153,000 원"
867,342,1,13,14,33,34,43,25,1등,3 명,"3,454,095,800 원"
868,341,1,8,19,34,39,43,41,1등,7 명,"1,497,207,772 원"
869,340,18,24,26,29,34,38,32,1등,7 명,"1,439,393,186 원"
870,339,6,8,14,21,30,37,45,1등,9 명,"1,096,778,334 원"
871,338,2,13,34,38,42,45,16,1등,3 명,"3,383,431,000 원"
872,337,1,5,14,18,32,37,4,1등,8 명,"1,257,500,513 원"
873,336,3,5,20,34,35,44,16,1등,6 명,"1,685,632,650 원"
874,335,5,9,16,23,26,45,21,1등,5 명,"2,037,492,480 원"
875,334,13,15,21,29,39,43,33,1등,7 명,"1,523,002,972 원"
876,333,5,14,27,30,39,43,35,1등,7 명,"1,550,987,143 원"
877,332,16,17,34,36,42,45,3,1등,8 명,"1,359,448,388 원"
878,331,4,9,14,26,31,44,39,1등,5 명,"2,165,902,620 원"
879,330,3,4,16,17,19,20,23,1등,9 명,"1,162,280,200 원"
880,329,9,17,19,30,35,42,4,1등,6 명,"1,830,391,200 원"
881,328,1,6,9,16,17,28,24,1등,6 명,"1,819,795,900 원"
882,327,6,12,13,17,32,44,24,1등,12 명,"882,674,750 원"
883,326,16,23,25,33,36,39,40,1등,6 명,"1,832,134,550 원"
884,325,7,17,20,32,44,45,33,1등,6 명,"1,806,122,450 원"
885,324,2,4,21,25,33,36,17,1등,6 명,"1,865,130,350 원"
886,323,10,14,15,32,36,42,3,1등,8 명,"1,461,025,388 원"
887,322,9,18,29,32,38,43,20,1등,6 명,"1,904,544,700 원"
888,321,12,18,20,21,25,34,42,1등,6 명,"1,959,136,100 원"
889,320,16,19,23,25,41,45,3,1등,2 명,"5,513,067,900 원"
890,319,5,8,22,28,33,42,37,1등,5 명,"2,135,659,380 원"
891,318,2,17,19,20,34,45,21,1등,9 명,"1,207,436,600 원"
892,317,3,10,11,22,36,39,8,1등,4 명,"2,576,258,550 원"
893,316,10,11,21,27,31,39,43,1등,6 명,"1,673,586,400 원"
894,315,1,13,33,35,43,45,23,1등,8 명,"1,308,728,625 원"
895,314,15,17,19,34,38,41,2,1등,6 명,"1,660,512,200 원"
896,313,9,17,34,35,43,45,2,1등,6 명,"1,715,422,800 원"
897,312,2,3,5,6,12,20,25,1등,15 명,"629,017,820 원"
898,311,4,12,24,27,28,32,10,1등,8 명,"1,237,691,063 원"
899,310,1,5,19,28,34,41,16,1등,8 명,"1,296,713,325 원"
900,309,1,2,5,11,18,36,22,1등,11 명,"901,622,946 원"
901,308,14,15,17,19,37,45,40,1등,1 명,"10,232,872,800 원"
902,307,5,15,21,23,25,45,12,1등,4 명,"2,587,643,250 원"
903,306,4,18,23,30,34,41,19,1등,5 명,"2,102,669,520 원"
904,305,7,8,18,21,23,39,9,1등,5 명,"2,008,210,140 원"
905,304,4,10,16,26,33,41,38,1등,6 명,"1,661,646,150 원"
906,303,2,14,17,30,38,45,43,1등,6 명,"1,672,749,000 원"
907,302,13,19,20,32,38,42,4,1등,2 명,"5,472,167,250 원"
908,301,7,11,13,33,37,43,26,1등,7 명,"1,447,385,015 원"
909,300,7,9,10,12,26,38,39,1등,12 명,"836,092,425 원"
910,299,1,3,20,25,36,45,24,1등,7 명,"1,483,772,529 원"
911,298,5,9,27,29,37,40,19,1등,1 명,"9,909,778,500 원"
912,297,6,11,19,20,28,32,34,1등,2 명,"5,056,668,750 원"
913,296,3,8,15,27,30,45,44,1등,8 명,"3,066,088,275 원"
914,295,1,4,12,16,18,38,8,1등,0 명,0 원
915,294,6,10,17,30,37,38,40,1등,4 명,"2,406,504,975 원"
916,293,1,9,17,21,29,33,24,1등,6 명,"1,656,764,400 원"
917,292,17,18,31,32,33,34,10,1등,14 명,"720,373,950 원"
918,291,3,7,8,18,20,42,45,1등,7 명,"1,450,585,200 원"
919,290,8,13,18,32,39,45,7,1등,13 명,"2,149,214,424 원"
920,289,3,14,33,37,38,42,10,1등,0 명,0 원
921,288,1,12,17,28,35,41,10,1등,4 명,"2,357,261,550 원"
922,287,6,12,24,27,35,37,41,1등,7 명,"1,328,657,100 원"
923,286,1,15,19,40,42,44,17,1등,3 명,"3,236,566,300 원"
924,285,13,33,37,40,41,45,2,1등,3 명,"3,164,370,100 원"
925,284,2,7,15,24,30,45,28,1등,3 명,"3,117,640,300 원"
926,283,6,8,18,31,38,45,42,1등,3 명,"3,137,224,600 원"
927,282,2,5,10,18,31,32,30,1등,7 명,"1,322,052,643 원"
928,281,1,3,4,6,14,41,12,1등,6 명,"1,554,683,200 원"
929,280,10,11,23,24,36,37,35,1등,7 명,"1,355,258,529 원"
930,279,7,16,31,36,37,38,11,1등,5 명,"1,914,205,320 원"
931,278,3,11,37,39,41,43,13,1등,3 명,"3,186,530,000 원"
932,277,10,12,13,15,25,29,20,1등,3 명,"3,272,627,800 원"
933,276,4,15,21,33,39,41,25,1등,3 명,"3,312,569,000 원"
934,275,14,19,20,35,38,40,26,1등,1 명,"10,044,066,900 원"
935,274,13,14,15,26,35,39,25,1등,4 명,"2,505,085,575 원"
936,273,1,8,24,31,34,44,6,1등,3 명,"3,339,543,100 원"
937,272,7,9,12,27,39,43,28,1등,9 명,"1,104,622,800 원"
938,271,3,8,9,27,29,40,36,1등,6 명,"1,565,918,150 원"
939,270,5,9,12,20,21,26,27,1등,5 명,"1,927,830,060 원"
940,269,5,18,20,36,42,43,32,1등,5 명,"1,961,399,940 원"
941,268,3,10,19,24,32,45,12,1등,7 명,"1,350,954,515 원"
942,267,7,8,24,34,36,41,1,1등,3 명,"3,257,663,300 원"
943,266,3,4,9,11,22,42,37,1등,3 명,"3,207,211,700 원"
944,265,5,9,34,37,38,39,12,1등,8 명,"1,200,838,575 원"
945,264,9,16,27,36,41,44,5,1등,7 명,"1,344,889,200 원"
946,263,1,27,28,32,37,40,18,1등,6 명,"1,551,704,900 원"
947,262,9,12,24,25,29,31,36,1등,2 명,"4,518,741,600 원"
948,261,6,11,16,18,31,43,2,1등,3 명,"3,192,299,100 원"
949,260,7,12,15,24,37,40,43,1등,4 명,"2,310,085,575 원"
950,259,4,5,14,35,42,45,34,1등,2 명,"4,838,533,500 원"
951,258,14,27,30,31,38,40,17,1등,4 명,"2,426,434,350 원"
952,257,6,13,27,31,32,37,4,1등,4 명,"2,391,377,025 원"
953,256,4,11,14,21,23,43,32,1등,2 명,"4,891,017,000 원"
954,255,1,5,6,24,27,42,32,1등,6 명,"1,598,618,550 원"
955,254,1,5,19,20,24,30,27,1등,1 명,"9,741,015,900 원"
956,253,8,19,25,31,34,36,33,1등,4 명,"2,466,189,525 원"
957,252,14,23,26,31,39,45,28,1등,7 명,"1,391,089,715 원"
958,251,6,7,19,25,28,38,45,1등,8 명,"1,282,616,400 원"
959,250,19,23,30,37,43,45,38,1등,5 명,"1,994,726,280 원"
960,249,3,8,27,31,41,44,11,1등,6 명,"1,663,568,700 원"
961,248,3,8,17,23,38,45,13,1등,8 명,"1,227,479,363 원"
962,247,12,15,28,36,39,40,13,1등,6 명,"1,669,313,900 원"
963,246,13,18,21,23,26,39,15,1등,5 명,"1,911,774,240 원"
964,245,9,11,27,31,32,38,22,1등,7 명,"1,382,583,129 원"
965,244,13,16,25,36,37,38,19,1등,1 명,"9,121,583,100 원"
966,243,2,12,17,19,28,42,34,1등,4 명,"2,408,850,000 원"
967,242,4,19,20,21,32,34,43,1등,8 명,"1,234,542,375 원"
968,241,2,16,24,27,28,35,21,1등,4 명,"2,552,016,300 원"
969,240,6,10,16,40,41,43,21,1등,2 명,"5,098,251,450 원"
970,239,11,15,24,39,41,44,7,1등,9 명,"1,134,140,167 원"
971,238,2,4,15,28,31,34,35,1등,9 명,"1,121,660,567 원"
972,237,1,11,17,21,24,44,33,1등,7 명,"1,440,630,729 원"
973,236,1,4,8,13,37,39,7,1등,2 명,"5,030,040,150 원"
974,235,21,22,26,27,31,37,8,1등,3 명,"3,433,330,100 원"
975,234,13,21,22,24,26,37,4,1등,4 명,"2,519,743,875 원"
976,233,4,6,13,17,28,40,39,1등,10 명,"999,153,750 원"
977,232,8,9,10,12,24,44,35,1등,9 명,"1,110,918,400 원"
978,231,5,10,19,31,44,45,27,1등,9 명,"1,088,365,900 원"
979,230,5,11,14,29,32,33,12,1등,8 명,"1,292,929,163 원"
980,229,4,5,9,11,23,38,35,1등,7 명,"1,451,441,100 원"
981,228,17,25,35,36,39,44,23,1등,9 명,"1,146,700,334 원"
982,227,4,5,15,16,22,42,2,1등,2 명,"5,253,542,400 원"
983,226,2,6,8,14,21,22,34,1등,6 명,"1,744,100,150 원"
984,225,5,11,13,19,31,36,7,1등,6 명,"1,777,201,800 원"
985,224,4,19,26,27,30,42,7,1등,6 명,"1,808,969,950 원"
986,223,1,3,18,20,26,27,38,1등,7 명,"1,498,170,600 원"
987,222,5,7,28,29,39,43,44,1등,5 명,"2,275,193,820 원"
988,221,2,20,33,35,37,40,10,1등,6 명,"1,800,104,250 원"
989,220,5,11,19,21,34,43,31,1등,6 명,"1,958,094,950 원"
990,219,4,11,20,26,35,37,16,1등,9 명,"1,208,409,167 원"
991,218,1,8,14,18,29,44,20,1등,4 명,"2,779,075,800 원"
992,217,16,20,27,33,35,39,38,1등,7 명,"1,611,246,172 원"
993,216,7,16,17,33,36,40,1,1등,13 명,"848,506,108 원"
994,215,2,3,7,15,43,44,4,1등,7 명,"1,587,689,615 원"
995,214,5,7,20,25,28,37,32,1등,8 명,"1,406,980,875 원"
996,213,2,3,4,5,20,24,42,1등,8 명,"1,376,678,025 원"
997,212,11,12,18,21,31,38,8,1등,4 명,"2,660,747,250 원"
998,211,12,13,17,20,33,41,8,1등,10 명,"1,035,800,250 원"
999,210,10,19,22,23,25,37,39,1등,2 명,"5,139,085,950 원"
1000,209,2,7,18,20,24,33,37,1등,6 명,"1,660,896,350 원"
1001,208,14,25,31,34,40,44,24,1등,6 명,"1,760,767,400 원"
1002,207,3,11,14,31,32,37,38,1등,5 명,"2,104,673,760 원"
1003,206,1,2,3,15,20,25,43,1등,5 명,"2,032,859,340 원"
1004,205,1,3,21,29,35,37,30,1등,6 명,"1,835,221,800 원"
1005,204,3,12,14,35,40,45,5,1등,8 명,"1,358,347,125 원"
1006,203,1,3,11,24,30,32,7,1등,5 명,"2,164,564,740 원"
1007,202,12,14,27,33,39,44,17,1등,6 명,"1,893,391,700 원"
1008,201,3,11,24,38,39,44,26,1등,1 명,"9,719,465,400 원"
1009,200,5,6,13,14,17,20,7,1등,8 명,"1,344,616,613 원"
1010,199,14,21,22,25,30,36,43,1등,2 명,"5,344,252,200 원"
1011,198,12,19,20,25,41,45,2,1등,6 명,"1,797,855,050 원"
1012,197,7,12,16,34,42,45,4,1등,6 명,"1,803,018,300 원"
1013,196,35,36,37,41,44,45,30,1등,15 명,"727,876,520 원"
1014,195,7,10,19,22,35,40,31,1등,11 명,"918,992,591 원"
1015,194,15,20,23,26,39,44,28,1등,4 명,"2,650,567,875 원"
1016,193,6,14,18,26,36,39,13,1등,3 명,"3,404,449,700 원"
1017,192,4,8,11,18,37,45,33,1등,4 명,"2,445,348,375 원"
1018,191,5,6,24,25,32,37,8,1등,4 명,"2,577,114,675 원"
1019,190,8,14,18,30,31,44,15,1등,6 명,"1,784,159,450 원"
1020,189,8,14,32,35,37,45,28,1등,3 명,"3,461,775,100 원"
1021,188,19,24,27,30,31,34,36,1등,3 명,"3,501,405,200 원"
1022,187,1,2,8,18,29,38,42,1등,7 명,"1,544,733,900 원"
1023,186,4,10,14,19,21,45,9,1등,9 명,"1,187,882,600 원"
1024,185,1,2,4,8,19,38,14,1등,3 명,"3,522,485,800 원"
1025,184,1,2,6,16,20,33,41,1등,6 명,"1,747,753,050 원"
1026,183,2,18,24,34,40,42,5,1등,6 명,"1,777,221,500 원"
1027,182,13,15,27,29,34,40,35,1등,3 명,"3,721,439,400 원"
1028,181,14,21,23,32,40,45,44,1등,6 명,"1,941,763,300 원"
1029,180,2,15,20,21,29,34,22,1등,2 명,"5,763,371,550 원"
1030,179,5,9,17,25,39,43,32,1등,10 명,"1,081,093,920 원"
1031,178,1,5,11,12,18,23,9,1등,5 명,"2,254,621,080 원"
1032,177,1,10,13,16,37,43,6,1등,7 명,"1,693,285,500 원"
1033,176,4,17,30,32,33,34,15,1등,5 명,"2,314,663,080 원"
1034,175,19,26,28,31,33,36,17,1등,5 명,"2,371,132,620 원"
1035,174,13,14,18,22,35,39,16,1등,7 명,"1,771,103,058 원"
1036,173,3,9,24,30,33,34,18,1등,8 명,"1,487,736,788 원"
1037,172,4,19,21,24,26,41,35,1등,11 명,"1,081,154,073 원"
1038,171,4,16,25,29,34,35,1,1등,6 명,"1,961,339,700 원"
1039,170,2,11,13,15,31,42,10,1등,6 명,"1,923,108,250 원"
1040,169,16,27,35,37,43,45,19,1등,5 명,"2,482,888,380 원"
1041,168,3,10,31,40,42,43,30,1등,5 명,"2,349,946,920 원"
1042,167,24,27,28,30,36,39,4,1등,5 명,"2,491,222,920 원"
1043,166,9,12,27,36,39,45,14,1등,11 명,"1,111,299,982 원"
1044,165,5,13,18,19,22,42,31,1등,2 명,"6,767,426,700 원"
1045,164,6,9,10,11,39,41,27,1등,3 명,"4,054,937,900 원"
1046,163,7,11,26,28,29,44,16,1등,7 명,"1,629,726,515 원"
1047,162,1,5,21,25,38,41,24,1등,5 명,"2,308,265,760 원"
1048,161,22,34,36,40,42,45,44,1등,7 명,"1,996,876,272 원"
1049,160,3,7,8,34,39,41,1,1등,2 명,"5,490,805,350 원"
1050,159,1,18,30,41,42,43,32,1등,6 명,"1,755,407,300 원"
1051,158,4,9,13,18,21,34,7,1등,10 명,"1,069,544,340 원"
1052,157,19,26,30,33,35,39,37,1등,2 명,"5,484,903,750 원"
1053,156,5,18,28,30,42,45,2,1등,8 명,"1,401,099,900 원"
1054,155,16,19,20,32,33,41,4,1등,9 명,"1,193,005,734 원"
1055,154,6,19,21,35,40,45,20,1등,4 명,"2,836,628,700 원"
1056,153,3,8,11,12,13,36,33,1등,4 명,"2,730,526,125 원"
1057,152,1,5,13,26,29,34,43,1등,5 명,"2,278,131,840 원"
1058,151,1,2,10,13,18,19,15,1등,4 명,"2,716,634,025 원"
1059,150,2,18,25,28,37,39,16,1등,4 명,"2,831,645,850 원"
1060,149,2,11,21,34,41,42,27,1등,7 명,"1,639,052,143 원"
1061,148,21,25,33,34,35,36,17,1등,5 명,"2,323,596,420 원"
1062,147,4,6,13,21,40,42,36,1등,7 명,"1,700,040,215 원"
1063,146,2,19,27,35,41,42,25,1등,2 명,"6,043,415,250 원"
1064,145,2,3,13,20,27,44,9,1등,3 명,"3,797,838,200 원"
1065,144,4,15,17,26,36,37,43,1등,8 명,"1,402,440,413 원"
1066,143,26,27,28,42,43,45,8,1등,3 명,"3,954,584,700 원"
1067,142,12,16,30,34,40,44,19,1등,11 명,"1,018,265,564 원"
1068,141,8,12,29,31,42,43,2,1등,6 명,"1,900,552,400 원"
1069,140,3,13,17,18,19,28,8,1등,5 명,"2,109,462,840 원"
1070,139,9,11,15,20,28,43,13,1등,7 명,"1,650,210,215 원"
1071,138,10,11,27,28,37,39,19,1등,5 명,"2,227,152,000 원"
1072,137,7,9,20,25,36,39,15,1등,9 명,"1,270,403,467 원"
1073,136,2,16,30,36,41,42,11,1등,6 명,"1,997,694,150 원"
1074,135,6,14,22,28,35,39,16,1등,7 명,"1,717,293,515 원"
1075,134,3,12,20,23,31,35,43,1등,5 명,"2,349,155,100 원"
1076,133,4,7,15,18,23,26,13,1등,8 명,"1,450,242,600 원"
1077,132,3,17,23,34,41,45,43,1등,4 명,"2,920,473,525 원"
1078,131,8,10,11,14,15,21,37,1등,8 명,"1,451,214,488 원"
1079,130,7,19,24,27,42,45,31,1등,4 명,"3,036,496,650 원"
1080,129,19,23,25,28,38,42,17,1등,11 명,"1,093,629,655 원"
1081,128,12,30,34,36,37,45,39,1등,6 명,"2,064,043,100 원"
1082,127,3,5,10,29,32,43,35,1등,6 명,"1,965,939,150 원"
1083,126,7,20,22,27,40,43,1,1등,9 명,"1,369,301,500 원"
1084,125,2,8,32,33,35,36,18,1등,7 명,"1,754,870,786 원"
1085,124,4,16,23,25,29,42,1,1등,9 명,"1,395,936,267 원"
1086,123,7,17,18,28,30,45,27,1등,5 명,"2,532,982,680 원"
1087,122,1,11,16,17,36,40,8,1등,9 명,"1,450,073,800 원"
1088,121,12,28,30,34,38,43,9,1등,2 명,"6,839,648,100 원"
1089,120,4,6,10,11,32,37,30,1등,3 명,"4,364,530,300 원"
1090,119,3,11,13,14,17,21,38,1등,9 명,"1,474,899,400 원"
1091,118,3,4,10,17,19,22,38,1등,10 명,"1,297,989,720 원"
1092,117,5,10,22,34,36,44,35,1등,9 명,"1,558,378,334 원"
1093,116,2,4,25,31,34,37,17,1등,7 명,"1,997,747,315 원"
1094,115,1,2,6,9,25,28,31,1등,9 명,"1,488,589,567 원"
1095,114,11,14,19,26,28,41,2,1등,6 명,"2,362,345,050 원"
1096,113,4,9,28,33,36,45,26,1등,9 명,"1,561,528,934 원"
1097,112,26,29,30,33,41,42,43,1등,9 명,"1,567,271,167 원"
1098,111,7,18,31,33,36,40,27,1등,6 명,"2,199,047,450 원"
1099,110,7,20,22,23,29,43,1,1등,3 명,"4,566,262,000 원"
1100,109,1,5,34,36,42,44,33,1등,12 명,"1,246,838,200 원"
1101,108,7,18,22,23,29,44,12,1등,7 명,"1,998,900,772 원"
1102,107,1,4,5,6,9,31,17,1등,2 명,"6,679,927,800 원"
1103,106,4,10,12,22,24,33,29,1등,16 명,"810,461,157 원"
1104,105,8,10,20,34,41,45,28,1등,4 명,"3,416,781,450 원"
1105,104,17,32,33,34,42,44,35,1등,2 명,"6,610,743,750 원"
1106,103,5,14,15,27,30,45,10,1등,8 명,"1,691,589,563 원"
1107,102,17,22,24,26,35,40,42,1등,9 명,"1,457,153,067 원"
1108,101,1,3,17,32,35,45,8,1등,5 명,"2,707,297,500 원"
1109,100,1,7,11,23,37,42,6,1등,4 명,"3,315,315,525 원"
1110,99,1,3,10,27,29,37,11,1등,6 명,"2,169,219,050 원"
1111,98,6,9,16,23,24,32,43,1등,4 명,"3,177,972,300 원"
1112,97,6,7,14,15,20,36,3,1등,9 명,"1,496,214,000 원"
1113,96,1,3,8,21,22,31,20,1등,7 명,"1,847,133,515 원"
1114,95,8,17,27,31,34,43,14,1등,8 명,"1,747,741,238 원"
1115,94,5,32,34,40,41,45,6,1등,6 명,"2,245,339,950 원"
1116,93,6,22,24,36,38,44,19,1등,6 명,"2,269,178,150 원"
1117,92,3,14,24,33,35,36,17,1등,11 명,"1,233,270,846 원"
1118,91,1,21,24,26,29,42,27,1등,4 명,"3,582,902,400 원"
1119,90,17,20,29,35,38,44,10,1등,4 명,"3,291,435,300 원"
1120,89,4,26,28,29,33,40,37,1등,3 명,"4,248,321,900 원"
1121,88,1,17,20,24,30,41,27,1등,4 명,"3,069,709,650 원"
1122,87,4,12,16,23,34,43,26,1등,11 명,"1,799,358,055 원"
1123,86,2,12,37,39,41,45,33,1등,1 명,"14,252,186,400 원"
1124,85,6,8,13,23,31,36,21,1등,4 명,"3,462,109,800 원"
1125,84,16,23,27,34,42,45,11,1등,2 명,"7,669,779,000 원"
1126,83,6,10,15,17,19,34,14,1등,2 명,"7,086,948,300 원"
1127,82,1,2,3,14,27,42,39,1등,1 명,"14,562,494,400 원"
1128,81,5,7,11,13,20,33,6,1등,5 명,"2,714,288,880 원"
1129,80,17,18,24,25,26,30,1,1등,1 명,"13,809,540,000 원"
1130,79,3,12,24,27,30,32,14,1등,4 명,"3,416,443,800 원"
1131,78,10,13,25,29,33,35,38,1등,4 명,"3,519,850,000 원"
1132,77,2,18,29,32,43,44,37,1등,3 명,"5,155,758,600 원"
1133,76,1,3,15,22,25,37,43,1등,2 명,"7,451,022,600 원"
1134,75,2,5,24,32,34,44,28,1등,4 명,"3,914,616,900 원"
1135,74,6,15,17,18,35,40,23,1등,3 명,"5,284,949,800 원"
1136,73,3,12,18,32,40,43,38,1등,6 명,"2,766,662,100 원"
1137,72,2,4,11,17,26,27,1,1등,13 명,"3,260,524,600 원"
1138,71,5,9,12,16,29,41,21,1등,0 명,0 원
1139,70,5,19,22,25,28,43,26,1등,3 명,"5,031,277,800 원"
1140,69,5,8,14,15,19,39,35,1등,3 명,"4,962,712,200 원"
1141,68,10,12,15,16,26,39,38,1등,5 명,"2,945,882,100 원"
1142,67,3,7,10,15,36,38,33,1등,7 명,"2,114,436,500 원"
1143,66,2,3,7,17,22,24,45,1등,4 명,"3,685,138,200 원"
1144,65,4,25,33,36,40,43,39,1등,4 명,"3,727,945,800 원"
1145,64,14,15,18,21,26,36,39,1등,4 명,"3,899,818,000 원"
1146,63,3,20,23,36,38,40,5,1등,2 명,"7,922,245,500 원"
1147,62,3,8,15,27,29,35,21,1등,1 명,"15,817,286,400 원"
1148,61,14,15,19,30,38,43,8,1등,5 명,"3,541,038,800 원"
1149,60,2,8,25,36,39,42,11,1등,7 명,"2,172,504,600 원"
1150,59,6,29,36,39,41,45,13,1등,4 명,"4,127,587,300 원"
1151,58,10,24,25,33,40,44,1,1등,4 명,"3,676,429,200 원"
1152,57,7,10,16,25,29,44,6,1등,4 명,"4,114,411,900 원"
1153,56,10,14,30,31,33,37,19,1등,4 명,"3,777,570,900 원"
1154,55,17,21,31,37,40,44,7,1등,2 명,"7,088,799,600 원"
1155,54,1,8,21,27,36,39,37,1등,3 명,"5,148,626,600 원"
1156,53,7,8,14,32,33,39,42,1등,3 명,"5,014,371,000 원"
1157,52,2,4,15,16,20,29,1,1등,4 명,"3,900,844,900 원"
1158,51,2,3,11,16,26,44,35,1등,6 명,"2,421,117,000 원"
1159,50,2,10,12,15,22,44,1,1등,3 명,"5,227,061,400 원"
1160,49,4,7,16,19,33,40,30,1등,7 명,"1,967,504,600 원"
1161,48,6,10,18,26,37,38,3,1등,6 명,"2,415,673,600 원"
1162,47,14,17,26,31,36,45,27,1등,5 명,"3,250,042,400 원"
1163,46,8,13,15,23,31,38,39,1등,3 명,"5,327,758,800 원"
1164,45,1,10,20,27,33,35,17,1등,2 명,"8,356,417,800 원"
1165,44,3,11,21,30,38,45,39,1등,5 명,"3,362,155,800 원"
1166,43,6,31,35,38,39,44,1,1등,1 명,"17,749,630,800 원"
1167,42,17,18,19,21,23,32,1,1등,6 명,"6,899,280,100 원"
1168,41,13,20,23,35,38,43,34,1등,0 명,0 원
1169,40,7,13,18,19,25,26,6,1등,13 명,"1,147,652,400 원"
1170,39,6,7,13,15,21,43,8,1등,6 명,"2,623,748,800 원"
1171,38,16,17,22,30,37,43,36,1등,3 명,"5,374,866,400 원"
1172,37,7,27,30,33,35,37,42,1등,3 명,"4,985,999,400 원"
1173,36,1,10,23,26,28,40,31,1등,1 명,"16,014,475,800 원"
1174,35,2,3,11,26,37,43,39,1등,3 명,"5,054,598,200 원"
1175,34,9,26,35,37,40,42,2,1등,5 명,"3,056,918,000 원"
1176,33,4,7,32,33,40,41,9,1등,1 명,"14,903,517,600 원"
1177,32,6,14,19,25,34,44,11,1등,10 명,"1,634,528,300 원"
1178,31,7,9,18,23,28,35,32,1등,2 명,"8,106,672,900 원"
1179,30,8,17,20,35,36,44,4,1등,2 명,"8,728,555,500 원"
1180,29,1,5,13,34,39,40,11,1등,5 명,"3,552,594,000 원"
1181,28,9,18,23,25,35,37,1,1등,10 명,"1,700,361,100 원"
1182,27,1,20,26,28,37,43,27,1등,2 명,"9,543,982,500 원"
1183,26,4,5,7,18,20,25,31,1등,5 명,"3,495,069,900 원"
1184,25,2,4,21,26,43,44,16,1등,2 명,"24,227,745,300 원"
1185,24,7,8,27,29,36,43,6,1등,0 명,0 원
1186,23,5,13,17,18,33,42,44,1등,4 명,"4,317,947,700 원"
1187,22,4,5,6,8,17,39,25,1등,4 명,"4,552,194,900 원"
1188,21,6,12,17,18,31,32,21,1등,23 명,"797,475,400 원"
1189,20,10,14,18,20,23,30,41,1등,1 명,"19,352,212,800 원"
1190,19,6,30,38,39,40,43,26,1등,1 명,"40,722,959,400 원"
1191,18,3,12,13,19,32,35,29,1등,0 명,0 원
1192,17,3,4,9,17,32,37,1,1등,3 명,"5,349,491,200 원"
1193,16,6,7,24,37,38,40,33,1등,4 명,"4,377,146,100 원"
1194,15,3,4,16,30,31,37,13,1등,1 명,"17,014,245,000 원"
1195,14,2,6,12,31,33,40,15,1등,4 명,"9,375,048,300 원"
1196,13,22,23,25,37,38,42,26,1등,0 명,0 원
1197,12,2,11,21,25,39,45,44,1등,12 명,"1,348,845,700 원"
1198,11,1,7,36,37,41,42,14,1등,5 명,"4,780,152,300 원"
1199,10,9,25,30,33,41,44,6,1등,13 명,"6,430,437,900 원"
1200,9,2,4,16,17,36,39,14,1등,0 명,0 원
1201,8,8,19,25,34,37,39,9,1등,0 명,0 원
1202,7,2,9,16,25,26,40,42,1등,0 명,0 원
1203,6,14,15,26,27,40,42,34,1등,1 명,"6,574,451,700 원"
1204,5,16,24,29,40,41,42,3,1등,0 명,0 원
1205,4,14,27,30,31,40,42,2,1등,0 명,0 원
1206,3,11,16,19,21,27,31,30,1등,1 명,"2,000,000,000 원"
1207,2,9,13,21,25,32,42,2,1등,1 명,"2,002,006,800 원"
1208,1,10,23,29,33,37,40,16,1등,0 명,0 원
